NAME	GS<br> follow link to MSigDB	GS DETAILS	SIZE	ES	NES	NOM p-val	FDR q-val	FWER p-val	RANK AT MAX	LEADING EDGE	
GOBP_COTRANSLATIONAL_PROTEIN_TARGETING_TO_MEMBRANE	GOBP_COTRANSLATIONAL_PROTEIN_TARGETING_TO_MEMBRANE	Details ...	96	0.6738707	7.707029	0.0	0.0	0.0	1342	tags=74%, list=7%, signal=79%	
GOBP_ESTABLISHMENT_OF_PROTEIN_LOCALIZATION_TO_ENDOPLASMIC_RETICULUM	GOBP_ESTABLISHMENT_OF_PROTEIN_LOCALIZATION_TO_ENDOPLASMIC_RETICULUM	Details ...	107	0.59041977	7.178816	0.0	0.0	0.0	1303	tags=65%, list=7%, signal=70%	
GOBP_NUCLEAR_TRANSCRIBED_MRNA_CATABOLIC_PROCESS_NONSENSE_MEDIATED_DECAY	GOBP_NUCLEAR_TRANSCRIBED_MRNA_CATABOLIC_PROCESS_NONSENSE_MEDIATED_DECAY	Details ...	118	0.5549771	7.019655	0.0	0.0	0.0	1303	tags=62%, list=7%, signal=66%	
GOBP_VIRAL_GENE_EXPRESSION	GOBP_VIRAL_GENE_EXPRESSION	Details ...	188	0.4246329	6.8643003	0.0	0.0	0.0	1338	tags=49%, list=7%, signal=52%	
GOBP_TRANSLATIONAL_INITIATION	GOBP_TRANSLATIONAL_INITIATION	Details ...	180	0.44912228	6.797541	0.0	0.0	0.0	1718	tags=53%, list=9%, signal=58%	
GOBP_PROTEIN_LOCALIZATION_TO_ENDOPLASMIC_RETICULUM	GOBP_PROTEIN_LOCALIZATION_TO_ENDOPLASMIC_RETICULUM	Details ...	134	0.4885709	6.505756	0.0	0.0	0.0	1303	tags=55%, list=7%, signal=59%	
GOBP_ATP_SYNTHESIS_COUPLED_ELECTRON_TRANSPORT	GOBP_ATP_SYNTHESIS_COUPLED_ELECTRON_TRANSPORT	Details ...	83	0.5795131	6.10217	0.0	0.0	0.0	1430	tags=65%, list=7%, signal=70%	
GOBP_CELLULAR_RESPIRATION	GOBP_CELLULAR_RESPIRATION	Details ...	160	0.41626075	6.05436	0.0	0.0	0.0	1573	tags=49%, list=8%, signal=53%	
GOBP_RESPIRATORY_ELECTRON_TRANSPORT_CHAIN	GOBP_RESPIRATORY_ELECTRON_TRANSPORT_CHAIN	Details ...	100	0.51910657	6.051036	0.0	0.0	0.0	1430	tags=59%, list=7%, signal=63%	
GOBP_OXIDATIVE_PHOSPHORYLATION	GOBP_OXIDATIVE_PHOSPHORYLATION	Details ...	110	0.48546854	6.0144205	0.0	0.0	0.0	1573	tags=56%, list=8%, signal=61%	
GOBP_NUCLEAR_TRANSCRIBED_MRNA_CATABOLIC_PROCESS	GOBP_NUCLEAR_TRANSCRIBED_MRNA_CATABOLIC_PROCESS	Details ...	202	0.3574707	5.833914	0.0	0.0	0.0	1303	tags=42%, list=7%, signal=45%	
GOBP_RNA_CATABOLIC_PROCESS	GOBP_RNA_CATABOLIC_PROCESS	Details ...	395	0.25405377	5.833764	0.0	0.0	0.0	1461	tags=32%, list=8%, signal=34%	
GOBP_ELECTRON_TRANSPORT_CHAIN	GOBP_ELECTRON_TRANSPORT_CHAIN	Details ...	146	0.40205836	5.5163875	0.0	0.0	0.0	1430	tags=47%, list=7%, signal=51%	
GOBP_GENERATION_OF_PRECURSOR_METABOLITES_AND_ENERGY	GOBP_GENERATION_OF_PRECURSOR_METABOLITES_AND_ENERGY	Details ...	429	0.22235905	5.483857	0.0	0.0	0.0	1573	tags=30%, list=8%, signal=32%	
GOBP_NADH_DEHYDROGENASE_COMPLEX_ASSEMBLY	GOBP_NADH_DEHYDROGENASE_COMPLEX_ASSEMBLY	Details ...	57	0.5966296	5.417499	0.0	0.0	0.0	2078	tags=70%, list=11%, signal=78%	
GOBP_PROTEIN_TARGETING_TO_MEMBRANE	GOBP_PROTEIN_TARGETING_TO_MEMBRANE	Details ...	182	0.34624767	5.3895674	0.0	0.0	0.0	2091	tags=45%, list=11%, signal=50%	
GOBP_MITOCHONDRIAL_ELECTRON_TRANSPORT_NADH_TO_UBIQUINONE	GOBP_MITOCHONDRIAL_ELECTRON_TRANSPORT_NADH_TO_UBIQUINONE	Details ...	45	0.6899423	5.377014	0.0	0.0	0.0	2171	tags=80%, list=11%, signal=90%	
GOBP_PROTEIN_TARGETING	GOBP_PROTEIN_TARGETING	Details ...	397	0.22397144	5.104707	0.0	0.0	0.0	1562	tags=30%, list=8%, signal=32%	
GOBP_ENERGY_DERIVATION_BY_OXIDATION_OF_ORGANIC_COMPOUNDS	GOBP_ENERGY_DERIVATION_BY_OXIDATION_OF_ORGANIC_COMPOUNDS	Details ...	238	0.28390506	5.0822535	0.0	0.0	0.0	1573	tags=36%, list=8%, signal=39%	
GOBP_MITOCHONDRIAL_RESPIRATORY_CHAIN_COMPLEX_ASSEMBLY	GOBP_MITOCHONDRIAL_RESPIRATORY_CHAIN_COMPLEX_ASSEMBLY	Details ...	90	0.43960533	4.9855447	0.0	0.0	0.0	2078	tags=54%, list=11%, signal=61%	
GOBP_MITOCHONDRIAL_TRANSLATIONAL_TERMINATION	GOBP_MITOCHONDRIAL_TRANSLATIONAL_TERMINATION	Details ...	89	0.42814013	4.7728715	0.0	0.0	0.0	2200	tags=54%, list=11%, signal=61%	
GOBP_CELLULAR_AMINO_ACID_METABOLIC_PROCESS	GOBP_CELLULAR_AMINO_ACID_METABOLIC_PROCESS	Details ...	275	0.24780175	4.7421584	0.0	0.0	0.0	2179	tags=36%, list=11%, signal=40%	
GOBP_CYTOPLASMIC_TRANSLATION	GOBP_CYTOPLASMIC_TRANSLATION	Details ...	93	0.4207939	4.7081785	0.0	0.0	0.0	1056	tags=47%, list=5%, signal=50%	
GOBP_ATP_METABOLIC_PROCESS	GOBP_ATP_METABOLIC_PROCESS	Details ...	254	0.25310045	4.6801076	0.0	0.0	0.0	1573	tags=33%, list=8%, signal=36%	
GOBP_TRANSLATIONAL_ELONGATION	GOBP_TRANSLATIONAL_ELONGATION	Details ...	130	0.35073787	4.591411	0.0	0.0	0.0	2200	tags=46%, list=11%, signal=52%	
GOBP_MITOCHONDRIAL_TRANSLATION	GOBP_MITOCHONDRIAL_TRANSLATION	Details ...	132	0.34338287	4.5553913	0.0	0.0	0.0	3091	tags=50%, list=16%, signal=59%	
GOBP_MITOCHONDRIAL_GENE_EXPRESSION	GOBP_MITOCHONDRIAL_GENE_EXPRESSION	Details ...	160	0.30632582	4.5418377	0.0	0.0	0.0	2235	tags=42%, list=11%, signal=47%	
GOBP_TRANSLATIONAL_TERMINATION	GOBP_TRANSLATIONAL_TERMINATION	Details ...	103	0.3840345	4.526036	0.0	0.0	0.0	2200	tags=50%, list=11%, signal=56%	
GOBP_ESTABLISHMENT_OF_PROTEIN_LOCALIZATION_TO_MEMBRANE	GOBP_ESTABLISHMENT_OF_PROTEIN_LOCALIZATION_TO_MEMBRANE	Details ...	312	0.2142935	4.312026	0.0	0.0	0.0	1571	tags=29%, list=8%, signal=31%	
GOBP_RIBOSOME_BIOGENESIS	GOBP_RIBOSOME_BIOGENESIS	Details ...	293	0.21056168	4.1573935	0.0	0.0	0.0	1608	tags=29%, list=8%, signal=31%	
GOBP_MITOCHONDRION_ORGANIZATION	GOBP_MITOCHONDRION_ORGANIZATION	Details ...	481	0.1645777	4.0918226	0.0	0.0	0.0	1568	tags=24%, list=8%, signal=26%	
GOBP_REGULATION_OF_TRANSCRIPTION_FROM_RNA_POLYMERASE_II_PROMOTER_IN_RESPONSE_TO_HYPOXIA	GOBP_REGULATION_OF_TRANSCRIPTION_FROM_RNA_POLYMERASE_II_PROMOTER_IN_RESPONSE_TO_HYPOXIA	Details ...	73	0.4032126	4.0716515	0.0	0.0	0.0	1778	tags=49%, list=9%, signal=54%	
GOBP_ANAPHASE_PROMOTING_COMPLEX_DEPENDENT_CATABOLIC_PROCESS	GOBP_ANAPHASE_PROMOTING_COMPLEX_DEPENDENT_CATABOLIC_PROCESS	Details ...	80	0.38513267	4.052742	0.0	0.0	0.0	1778	tags=48%, list=9%, signal=52%	
GOBP_REGULATION_OF_CELLULAR_AMINO_ACID_METABOLIC_PROCESS	GOBP_REGULATION_OF_CELLULAR_AMINO_ACID_METABOLIC_PROCESS	Details ...	59	0.43589666	4.011847	0.0	0.0	0.0	2096	tags=54%, list=11%, signal=61%	
GOBP_AEROBIC_RESPIRATION	GOBP_AEROBIC_RESPIRATION	Details ...	74	0.39355713	3.9598355	0.0	0.0	0.0	1573	tags=47%, list=8%, signal=51%	
GOBP_RIBOSOMAL_LARGE_SUBUNIT_BIOGENESIS	GOBP_RIBOSOMAL_LARGE_SUBUNIT_BIOGENESIS	Details ...	68	0.3892367	3.8650784	0.0	0.0	0.0	1608	tags=47%, list=8%, signal=51%	
GOBP_REGULATION_OF_CELLULAR_AMINE_METABOLIC_PROCESS	GOBP_REGULATION_OF_CELLULAR_AMINE_METABOLIC_PROCESS	Details ...	69	0.37178132	3.6711943	0.0	0.0	0.0	2096	tags=48%, list=11%, signal=53%	
GOBP_ANTIGEN_PROCESSING_AND_PRESENTATION_OF_EXOGENOUS_PEPTIDE_ANTIGEN_VIA_MHC_CLASS_I	GOBP_ANTIGEN_PROCESSING_AND_PRESENTATION_OF_EXOGENOUS_PEPTIDE_ANTIGEN_VIA_MHC_CLASS_I	Details ...	69	0.37178132	3.6463156	0.0	0.0	0.0	2096	tags=48%, list=11%, signal=53%	
GOBP_SMALL_MOLECULE_CATABOLIC_PROCESS	GOBP_SMALL_MOLECULE_CATABOLIC_PROCESS	Details ...	357	0.16833523	3.5906255	0.0	0.0	0.0	2179	tags=28%, list=11%, signal=31%	
GOBP_RIBOSOME_ASSEMBLY	GOBP_RIBOSOME_ASSEMBLY	Details ...	58	0.4016757	3.5375707	0.0	0.0	0.0	1935	tags=50%, list=10%, signal=55%	
GOBP_ORGANIC_ACID_CATABOLIC_PROCESS	GOBP_ORGANIC_ACID_CATABOLIC_PROCESS	Details ...	224	0.20276992	3.4689176	0.0	0.0	0.0	2179	tags=31%, list=11%, signal=35%	
GOBP_SCF_DEPENDENT_PROTEASOMAL_UBIQUITIN_DEPENDENT_PROTEIN_CATABOLIC_PROCESS	GOBP_SCF_DEPENDENT_PROTEASOMAL_UBIQUITIN_DEPENDENT_PROTEIN_CATABOLIC_PROCESS	Details ...	88	0.3076679	3.4622056	0.0	0.0	0.0	1778	tags=40%, list=9%, signal=44%	
GOBP_PROTEASOMAL_UBIQUITIN_INDEPENDENT_PROTEIN_CATABOLIC_PROCESS	GOBP_PROTEASOMAL_UBIQUITIN_INDEPENDENT_PROTEIN_CATABOLIC_PROCESS	Details ...	21	0.6209689	3.4263582	0.0	0.0	0.0	901	tags=67%, list=5%, signal=70%	
GOBP_RRNA_METABOLIC_PROCESS	GOBP_RRNA_METABOLIC_PROCESS	Details ...	230	0.19065498	3.3075662	0.0	7.010827E-6	0.001	1155	tags=25%, list=6%, signal=26%	
GOBP_CELLULAR_PROTEIN_COMPLEX_DISASSEMBLY	GOBP_CELLULAR_PROTEIN_COMPLEX_DISASSEMBLY	Details ...	211	0.19252983	3.2660651	0.0	2.0463027E-5	0.003	1826	tags=28%, list=9%, signal=31%	
GOBP_REGULATION_OF_HEMATOPOIETIC_STEM_CELL_DIFFERENTIATION	GOBP_REGULATION_OF_HEMATOPOIETIC_STEM_CELL_DIFFERENTIATION	Details ...	72	0.32642365	3.2330916	0.0	2.0018178E-5	0.003	1778	tags=42%, list=9%, signal=46%	
GOBP_NCRNA_METABOLIC_PROCESS	GOBP_NCRNA_METABOLIC_PROCESS	Details ...	437	0.1336692	3.1932356	0.0	1.959226E-5	0.003	1508	tags=21%, list=8%, signal=22%	
GOBP_ANTIGEN_PROCESSING_AND_PRESENTATION_OF_PEPTIDE_ANTIGEN_VIA_MHC_CLASS_I	GOBP_ANTIGEN_PROCESSING_AND_PRESENTATION_OF_PEPTIDE_ANTIGEN_VIA_MHC_CLASS_I	Details ...	87	0.2842777	3.1110082	0.0	2.5673342E-5	0.004	2096	tags=39%, list=11%, signal=44%	
GOBP_CELLULAR_KETONE_METABOLIC_PROCESS	GOBP_CELLULAR_KETONE_METABOLIC_PROCESS	Details ...	211	0.18328932	3.0692203	0.0	2.5149397E-5	0.004	2096	tags=29%, list=11%, signal=32%	
GOBP_NEGATIVE_REGULATION_OF_CELL_CYCLE_G2_M_PHASE_TRANSITION	GOBP_NEGATIVE_REGULATION_OF_CELL_CYCLE_G2_M_PHASE_TRANSITION	Details ...	100	0.26355654	3.0618274	0.0	2.464641E-5	0.004	2096	tags=37%, list=11%, signal=41%	
GOBP_RIBOSOMAL_LARGE_SUBUNIT_ASSEMBLY	GOBP_RIBOSOMAL_LARGE_SUBUNIT_ASSEMBLY		26	0.4964166	3.0481863	0.0	2.4163146E-5	0.004	1578	tags=58%, list=8%, signal=63%	
GOBP_QUINONE_METABOLIC_PROCESS	GOBP_QUINONE_METABOLIC_PROCESS		23	0.5103941	2.916339	0.0	7.065516E-5	0.012	1923	tags=61%, list=10%, signal=67%	
GOBP_POSITIVE_REGULATION_OF_TELOMERASE_RNA_LOCALIZATION_TO_CAJAL_BODY	GOBP_POSITIVE_REGULATION_OF_TELOMERASE_RNA_LOCALIZATION_TO_CAJAL_BODY		15	0.62000555	2.9040337	0.0	7.515801E-5	0.013	916	tags=67%, list=5%, signal=70%	
GOBP_REGULATION_OF_HEMATOPOIETIC_PROGENITOR_CELL_DIFFERENTIATION	GOBP_REGULATION_OF_HEMATOPOIETIC_PROGENITOR_CELL_DIFFERENTIATION		86	0.2702085	2.8997345	0.0	7.376619E-5	0.013	1778	tags=36%, list=9%, signal=39%	
GOBP_INTERLEUKIN_1_MEDIATED_SIGNALING_PATHWAY	GOBP_INTERLEUKIN_1_MEDIATED_SIGNALING_PATHWAY		97	0.25000158	2.8915536	0.0	7.242499E-5	0.013	1778	tags=34%, list=9%, signal=37%	
GOBP_REGULATION_OF_DNA_TEMPLATED_TRANSCRIPTION_IN_RESPONSE_TO_STRESS	GOBP_REGULATION_OF_DNA_TEMPLATED_TRANSCRIPTION_IN_RESPONSE_TO_STRESS		111	0.23420955	2.8714283	0.0	8.77453E-5	0.016	1778	tags=32%, list=9%, signal=35%	
GOBP_HEMATOPOIETIC_STEM_CELL_DIFFERENTIATION	GOBP_HEMATOPOIETIC_STEM_CELL_DIFFERENTIATION		85	0.2626376	2.867649	0.0	9.1620685E-5	0.017	1778	tags=35%, list=9%, signal=39%	
GOBP_AMINE_METABOLIC_PROCESS	GOBP_AMINE_METABOLIC_PROCESS		131	0.21800724	2.8408847	0.0	1.05676634E-4	0.02	2172	tags=33%, list=11%, signal=37%	
GOBP_CELLULAR_RESPONSE_TO_OXYGEN_LEVELS	GOBP_CELLULAR_RESPONSE_TO_OXYGEN_LEVELS		205	0.16841407	2.8272002	0.0	1.14410395E-4	0.022	1502	tags=24%, list=8%, signal=26%	
GOBP_CELLULAR_AMINO_ACID_CATABOLIC_PROCESS	GOBP_CELLULAR_AMINO_ACID_CATABOLIC_PROCESS		90	0.25280577	2.8151896	0.0	1.2783168E-4	0.025	5695	tags=54%, list=29%, signal=77%	
GOBP_MONOCARBOXYLIC_ACID_CATABOLIC_PROCESS	GOBP_MONOCARBOXYLIC_ACID_CATABOLIC_PROCESS		113	0.22467764	2.7902641	0.0	1.4059548E-4	0.028	1679	tags=31%, list=9%, signal=34%	
GOBP_CYTOPLASMIC_TRANSLATIONAL_INITIATION	GOBP_CYTOPLASMIC_TRANSLATIONAL_INITIATION		30	0.41960907	2.7677343	0.0	1.7295548E-4	0.034	927	tags=47%, list=5%, signal=49%	
GOBP_CELL_CELL_RECOGNITION	GOBP_CELL_CELL_RECOGNITION		51	0.32362545	2.723282	0.0	2.5352658E-4	0.051	10503	tags=86%, list=54%, signal=187%	
GOBP_ALPHA_AMINO_ACID_METABOLIC_PROCESS	GOBP_ALPHA_AMINO_ACID_METABOLIC_PROCESS		161	0.18136151	2.6309366	0.0	5.903065E-4	0.117	2179	tags=29%, list=11%, signal=33%	
GOBP_UBIQUINONE_METABOLIC_PROCESS	GOBP_UBIQUINONE_METABOLIC_PROCESS		18	0.5126805	2.6288373	0.0	5.8604043E-4	0.118	1923	tags=61%, list=10%, signal=68%	
GOBP_MITOCHONDRIAL_ELECTRON_TRANSPORT_CYTOCHROME_C_TO_OXYGEN	GOBP_MITOCHONDRIAL_ELECTRON_TRANSPORT_CYTOCHROME_C_TO_OXYGEN		17	0.5333886	2.6175423	0.0	6.33419E-4	0.13	1075	tags=59%, list=6%, signal=62%	
GOBP_FATTY_ACID_BETA_OXIDATION	GOBP_FATTY_ACID_BETA_OXIDATION		71	0.26672417	2.6103292	0.0	6.515156E-4	0.136	1679	tags=35%, list=9%, signal=38%	
GOBP_SPERM_EGG_RECOGNITION	GOBP_SPERM_EGG_RECOGNITION		39	0.35818586	2.6006494	0.0	6.8244763E-4	0.145	10503	tags=90%, list=54%, signal=195%	
GOBP_FATTY_ACID_CATABOLIC_PROCESS	GOBP_FATTY_ACID_CATABOLIC_PROCESS		98	0.22087315	2.5434065	0.0	0.0010692213	0.224	1679	tags=31%, list=9%, signal=33%	
GOBP_HUMORAL_IMMUNE_RESPONSE	GOBP_HUMORAL_IMMUNE_RESPONSE		144	0.17683789	2.5419755	0.0	0.0010583964	0.224	12390	tags=81%, list=64%, signal=222%	
GOBP_REGULATION_OF_STEM_CELL_DIFFERENTIATION	GOBP_REGULATION_OF_STEM_CELL_DIFFERENTIATION		107	0.20876251	2.537312	0.0	0.0010822825	0.232	1778	tags=30%, list=9%, signal=33%	
GOBP_LIPID_OXIDATION	GOBP_LIPID_OXIDATION		100	0.21474189	2.536941	0.0	0.0010758868	0.234	1679	tags=30%, list=9%, signal=33%	
GOBP_ALPHA_AMINO_ACID_CATABOLIC_PROCESS	GOBP_ALPHA_AMINO_ACID_CATABOLIC_PROCESS		74	0.24867824	2.5286703	0.0	0.0011285687	0.247	5695	tags=54%, list=29%, signal=76%	
GOBP_TELOMERASE_RNA_LOCALIZATION	GOBP_TELOMERASE_RNA_LOCALIZATION		19	0.479645	2.5215564	0.0	0.0011546022	0.255	916	tags=53%, list=5%, signal=55%	
GOBP_TRANSCRIPTION_COUPLED_NUCLEOTIDE_EXCISION_REPAIR	GOBP_TRANSCRIPTION_COUPLED_NUCLEOTIDE_EXCISION_REPAIR		72	0.2515429	2.498718	0.0	0.0013312208	0.285	1338	tags=32%, list=7%, signal=34%	
GOBP_AROMATIC_AMINO_ACID_FAMILY_CATABOLIC_PROCESS	GOBP_AROMATIC_AMINO_ACID_FAMILY_CATABOLIC_PROCESS		15	0.515691	2.4425662	0.0	0.0020094092	0.402	9428	tags=100%, list=48%, signal=194%	
GOBP_PROTEIN_PEPTIDYL_PROLYL_ISOMERIZATION	GOBP_PROTEIN_PEPTIDYL_PROLYL_ISOMERIZATION		35	0.34617364	2.437103	0.00203666	0.002074949	0.413	1614	tags=43%, list=8%, signal=47%	
GOBP_INNATE_IMMUNE_RESPONSE_ACTIVATING_SIGNAL_TRANSDUCTION	GOBP_INNATE_IMMUNE_RESPONSE_ACTIVATING_SIGNAL_TRANSDUCTION		95	0.21486127	2.427091	0.0	0.002206083	0.434	1778	tags=31%, list=9%, signal=33%	
GOBP_PROTEIN_TARGETING_TO_MITOCHONDRION	GOBP_PROTEIN_TARGETING_TO_MITOCHONDRION		93	0.21279159	2.425905	0.0	0.0021974924	0.435	1527	tags=29%, list=8%, signal=31%	
GOBP_NIK_NF_KAPPAB_SIGNALING	GOBP_NIK_NF_KAPPAB_SIGNALING		154	0.16963196	2.4075558	0.0	0.002453739	0.475	1778	tags=26%, list=9%, signal=28%	
GOBP_REGULATION_OF_CELLULAR_KETONE_METABOLIC_PROCESS	GOBP_REGULATION_OF_CELLULAR_KETONE_METABOLIC_PROCESS		161	0.16221187	2.3933103	0.0	0.0026548507	0.505	1461	tags=24%, list=8%, signal=25%	
GOBP_GLUTATHIONE_DERIVATIVE_METABOLIC_PROCESS	GOBP_GLUTATHIONE_DERIVATIVE_METABOLIC_PROCESS		21	0.4404419	2.3797755	0.0	0.0029146648	0.534	1630	tags=52%, list=8%, signal=57%	
GOBP_DETOXIFICATION	GOBP_DETOXIFICATION		93	0.20747134	2.367821	0.0019305019	0.003205716	0.571	1630	tags=29%, list=8%, signal=32%	
GOBP_ESTABLISHMENT_OF_PROTEIN_LOCALIZATION_TO_CHROMOSOME	GOBP_ESTABLISHMENT_OF_PROTEIN_LOCALIZATION_TO_CHROMOSOME		23	0.40172973	2.3558297	0.0	0.0034012618	0.607	1497	tags=48%, list=8%, signal=52%	
GOBP_PROTEIN_FOLDING	GOBP_PROTEIN_FOLDING		205	0.14040382	2.3510194	0.0	0.0034805334	0.618	1282	tags=20%, list=7%, signal=22%	
GOBP_ANTIGEN_PROCESSING_AND_PRESENTATION_OF_PEPTIDE_ANTIGEN	GOBP_ANTIGEN_PROCESSING_AND_PRESENTATION_OF_PEPTIDE_ANTIGEN		157	0.16448444	2.3470232	0.0	0.0035508352	0.626	2153	tags=27%, list=11%, signal=31%	
GOBP_CELLULAR_OXIDANT_DETOXIFICATION	GOBP_CELLULAR_OXIDANT_DETOXIFICATION		73	0.23209636	2.335786	0.0	0.003816811	0.659	1630	tags=32%, list=8%, signal=34%	
GOBP_POSITIVE_REGULATION_OF_CANONICAL_WNT_SIGNALING_PATHWAY	GOBP_POSITIVE_REGULATION_OF_CANONICAL_WNT_SIGNALING_PATHWAY		140	0.16993994	2.3254025	0.0	0.0040385956	0.674	2136	tags=28%, list=11%, signal=31%	
GOBP_MONOCARBOXYLIC_ACID_METABOLIC_PROCESS	GOBP_MONOCARBOXYLIC_ACID_METABOLIC_PROCESS		498	0.09319652	2.3207576	0.0	0.004106981	0.68	1709	tags=18%, list=9%, signal=19%	
GOBP_CELLULAR_RESPONSE_TO_TOXIC_SUBSTANCE	GOBP_CELLULAR_RESPONSE_TO_TOXIC_SUBSTANCE		90	0.20599885	2.3158374	0.0	0.004190954	0.693	1630	tags=29%, list=8%, signal=31%	
GOBP_BINDING_OF_SPERM_TO_ZONA_PELLUCIDA	GOBP_BINDING_OF_SPERM_TO_ZONA_PELLUCIDA		29	0.35711598	2.3079095	0.0	0.004384825	0.714	10503	tags=90%, list=54%, signal=195%	
GOBP_ACTIVATION_OF_INNATE_IMMUNE_RESPONSE	GOBP_ACTIVATION_OF_INNATE_IMMUNE_RESPONSE		118	0.18083216	2.278691	0.0	0.005291209	0.789	1778	tags=27%, list=9%, signal=30%	
GOBP_ESTABLISHMENT_OF_TISSUE_POLARITY	GOBP_ESTABLISHMENT_OF_TISSUE_POLARITY		117	0.1753074	2.2689798	0.0020876827	0.0056404304	0.812	2096	tags=28%, list=11%, signal=31%	
GOBP_SPERM_AXONEME_ASSEMBLY	GOBP_SPERM_AXONEME_ASSEMBLY		16	0.46912462	2.2610025	0.0	0.0058840653	0.825	7902	tags=88%, list=41%, signal=147%	
GOBP_AROMATIC_AMINO_ACID_FAMILY_METABOLIC_PROCESS	GOBP_AROMATIC_AMINO_ACID_FAMILY_METABOLIC_PROCESS		24	0.39077544	2.258366	0.002020202	0.0059286742	0.832	9428	tags=88%, list=48%, signal=170%	
GOBP_FC_EPSILON_RECEPTOR_SIGNALING_PATHWAY	GOBP_FC_EPSILON_RECEPTOR_SIGNALING_PATHWAY		105	0.18574186	2.2555585	0.0	0.005978655	0.838	1778	tags=28%, list=9%, signal=30%	
GOBP_REGULATION_OF_HUMORAL_IMMUNE_RESPONSE	GOBP_REGULATION_OF_HUMORAL_IMMUNE_RESPONSE		50	0.2697428	2.2515352	0.0019723866	0.006088059	0.845	13051	tags=94%, list=67%, signal=285%	
GOBP_PROTEIN_IMPORT_INTO_MITOCHONDRIAL_MATRIX	GOBP_PROTEIN_IMPORT_INTO_MITOCHONDRIAL_MATRIX		17	0.45882112	2.250956	0.0	0.006060282	0.846	1380	tags=53%, list=7%, signal=57%	
GOBP_INNER_MITOCHONDRIAL_MEMBRANE_ORGANIZATION	GOBP_INNER_MITOCHONDRIAL_MEMBRANE_ORGANIZATION		37	0.30040145	2.1747565	0.0	0.010080067	0.97	1527	tags=38%, list=8%, signal=41%	
GOBP_MYELOID_LEUKOCYTE_MEDIATED_IMMUNITY	GOBP_MYELOID_LEUKOCYTE_MEDIATED_IMMUNITY		454	0.09016356	2.173682	0.0	0.010053217	0.971	2228	tags=20%, list=11%, signal=22%	
GOBP_PYRIMIDINE_NUCLEOSIDE_TRIPHOSPHATE_METABOLIC_PROCESS	GOBP_PYRIMIDINE_NUCLEOSIDE_TRIPHOSPHATE_METABOLIC_PROCESS		21	0.39688832	2.1710703	0.0	0.010121135	0.973	1550	tags=48%, list=8%, signal=52%	
GOBP_PEPTIDYL_PROLINE_MODIFICATION	GOBP_PEPTIDYL_PROLINE_MODIFICATION		50	0.26114312	2.1603673	0.0	0.010706148	0.98	1157	tags=32%, list=6%, signal=34%	
GOBP_GLYCOLYTIC_PROCESS_THROUGH_FRUCTOSE_6_PHOSPHATE	GOBP_GLYCOLYTIC_PROCESS_THROUGH_FRUCTOSE_6_PHOSPHATE		26	0.3522378	2.1445086	0.0020449897	0.011818724	0.989	638	tags=38%, list=3%, signal=40%	
GOBP_NUCLEOTIDE_EXCISION_REPAIR_DNA_DAMAGE_RECOGNITION	GOBP_NUCLEOTIDE_EXCISION_REPAIR_DNA_DAMAGE_RECOGNITION		23	0.36772138	2.1403394	0.003968254	0.011985637	0.99	1312	tags=43%, list=7%, signal=47%	
GOBP_MORPHOGENESIS_OF_A_POLARIZED_EPITHELIUM	GOBP_MORPHOGENESIS_OF_A_POLARIZED_EPITHELIUM		138	0.15055019	2.1215146	0.0021008404	0.013323791	0.992	1461	tags=22%, list=8%, signal=24%	
GOBP_AXONEME_ASSEMBLY	GOBP_AXONEME_ASSEMBLY		56	0.23887718	2.120082	0.0040899795	0.013334314	0.993	13429	tags=93%, list=69%, signal=299%	
GOBP_T_CELL_RECEPTOR_SIGNALING_PATHWAY	GOBP_T_CELL_RECEPTOR_SIGNALING_PATHWAY		157	0.14466548	2.1182353	0.004	0.013395785	0.993	1792	tags=24%, list=9%, signal=26%	
GOBP_NEUROTRANSMITTER_METABOLIC_PROCESS	GOBP_NEUROTRANSMITTER_METABOLIC_PROCESS		20	0.39633873	2.104142	0.0	0.014522893	0.996	8832	tags=85%, list=45%, signal=156%	
GOBP_COMPLEMENT_ACTIVATION	GOBP_COMPLEMENT_ACTIVATION		45	0.26299122	2.0974958	0.008213553	0.015076402	0.996	13051	tags=93%, list=67%, signal=283%	
GOBP_NADH_METABOLIC_PROCESS	GOBP_NADH_METABOLIC_PROCESS		38	0.29291242	2.0827203	0.010162601	0.016365081	0.998	1479	tags=37%, list=8%, signal=40%	
GOBP_KETONE_BIOSYNTHETIC_PROCESS	GOBP_KETONE_BIOSYNTHETIC_PROCESS		36	0.2833957	2.0715165	0.0	0.01739285	0.999	1521	tags=36%, list=8%, signal=39%	
GOBP_NEGATIVE_REGULATION_OF_CANONICAL_WNT_SIGNALING_PATHWAY	GOBP_NEGATIVE_REGULATION_OF_CANONICAL_WNT_SIGNALING_PATHWAY		170	0.13917685	2.069449	0.0064655175	0.01745428	0.999	1778	tags=23%, list=9%, signal=25%	
GOBP_PYRIMIDINE_NUCLEOTIDE_BIOSYNTHETIC_PROCESS	GOBP_PYRIMIDINE_NUCLEOTIDE_BIOSYNTHETIC_PROCESS		27	0.3281322	2.0692475	0.0021413276	0.017329607	0.999	1550	tags=41%, list=8%, signal=44%	
GOBP_PROTEIN_LOCALIZATION_TO_MITOCHONDRION	GOBP_PROTEIN_LOCALIZATION_TO_MITOCHONDRION		133	0.154356	2.0621421	0.002016129	0.017953979	0.999	1551	tags=23%, list=8%, signal=25%	
GOBP_MITOCHONDRIAL_TRANSPORT	GOBP_MITOCHONDRIAL_TRANSPORT		231	0.11359616	2.0533242	0.0019267823	0.018832294	1.0	1605	tags=19%, list=8%, signal=21%	
GOBP_WATER_TRANSPORT	GOBP_WATER_TRANSPORT		19	0.39896438	2.051039	0.01010101	0.018948134	1.0	8627	tags=84%, list=44%, signal=151%	
GOBP_CILIUM_OR_FLAGELLUM_DEPENDENT_CELL_MOTILITY	GOBP_CILIUM_OR_FLAGELLUM_DEPENDENT_CELL_MOTILITY		83	0.196337	2.049821	0.0	0.018945834	1.0	8149	tags=61%, list=42%, signal=105%	
GOBP_NON_CANONICAL_WNT_SIGNALING_PATHWAY	GOBP_NON_CANONICAL_WNT_SIGNALING_PATHWAY		148	0.14214215	2.044131	0.0	0.019429186	1.0	1461	tags=22%, list=8%, signal=23%	
GOBP_TRICARBOXYLIC_ACID_CYCLE	GOBP_TRICARBOXYLIC_ACID_CYCLE		31	0.3074963	2.0427063	0.012072435	0.019433944	1.0	1557	tags=39%, list=8%, signal=42%	
GOBP_AMINO_ACID_ACTIVATION	GOBP_AMINO_ACID_ACTIVATION		30	0.31285077	2.0391178	0.005964215	0.019687006	1.0	3649	tags=50%, list=19%, signal=61%	
GOBP_CHAPERONE_MEDIATED_PROTEIN_COMPLEX_ASSEMBLY	GOBP_CHAPERONE_MEDIATED_PROTEIN_COMPLEX_ASSEMBLY		20	0.38073638	2.0351558	0.0060728746	0.020046132	1.0	1354	tags=45%, list=7%, signal=48%	
GOBP_TUMOR_NECROSIS_FACTOR_MEDIATED_SIGNALING_PATHWAY	GOBP_TUMOR_NECROSIS_FACTOR_MEDIATED_SIGNALING_PATHWAY		154	0.13669808	2.034257	0.009746589	0.01998979	1.0	1782	tags=23%, list=9%, signal=25%	
GOBP_CRISTAE_FORMATION	GOBP_CRISTAE_FORMATION		18	0.391756	2.0188875	0.003937008	0.021733597	1.0	1031	tags=44%, list=5%, signal=47%	
GOBP_SULFUR_COMPOUND_METABOLIC_PROCESS	GOBP_SULFUR_COMPOUND_METABOLIC_PROCESS		327	0.09557095	2.0037358	0.009940358	0.02355626	1.0	1562	tags=17%, list=8%, signal=19%	
GOBP_PYRIMIDINE_RIBONUCLEOTIDE_BIOSYNTHETIC_PROCESS	GOBP_PYRIMIDINE_RIBONUCLEOTIDE_BIOSYNTHETIC_PROCESS		20	0.37065044	1.9925486	0.0062111802	0.024883956	1.0	1550	tags=45%, list=8%, signal=49%	
GOBP_PYRIMIDINE_NUCLEOTIDE_METABOLIC_PROCESS	GOBP_PYRIMIDINE_NUCLEOTIDE_METABOLIC_PROCESS		45	0.2482138	1.9767661	0.003968254	0.027019817	1.0	1666	tags=33%, list=9%, signal=36%	
GOBP_RESPONSE_TO_INTERLEUKIN_12	GOBP_RESPONSE_TO_INTERLEUKIN_12		45	0.25371212	1.9750113	0.004056795	0.027099032	1.0	1127	tags=31%, list=6%, signal=33%	
GOBP_GLYCOSYL_COMPOUND_METABOLIC_PROCESS	GOBP_GLYCOSYL_COMPOUND_METABOLIC_PROCESS		97	0.17067884	1.9555864	0.004048583	0.030144734	1.0	1709	tags=26%, list=9%, signal=28%	
GOBP_MONOSACCHARIDE_CATABOLIC_PROCESS	GOBP_MONOSACCHARIDE_CATABOLIC_PROCESS		54	0.22082849	1.9545008	0.008097166	0.030103793	1.0	1479	tags=30%, list=8%, signal=32%	
GOBP_PROTEIN_TRANSMEMBRANE_IMPORT_INTO_INTRACELLULAR_ORGANELLE	GOBP_PROTEIN_TRANSMEMBRANE_IMPORT_INTO_INTRACELLULAR_ORGANELLE		33	0.2868848	1.953504	0.018036073	0.030025763	1.0	2091	tags=39%, list=11%, signal=44%	
GOBP_NEGATIVE_REGULATION_OF_WNT_SIGNALING_PATHWAY	GOBP_NEGATIVE_REGULATION_OF_WNT_SIGNALING_PATHWAY		199	0.1195554	1.9521029	0.0059405942	0.030038197	1.0	2096	tags=23%, list=11%, signal=25%	
GOBP_NUCLEOBASE_CONTAINING_SMALL_MOLECULE_BIOSYNTHETIC_PROCESS	GOBP_NUCLEOBASE_CONTAINING_SMALL_MOLECULE_BIOSYNTHETIC_PROCESS		101	0.16267563	1.9473287	0.005905512	0.030676145	1.0	1666	tags=25%, list=9%, signal=27%	
GOBP_ESTABLISHMENT_OF_PROTEIN_LOCALIZATION_TO_TELOMERE	GOBP_ESTABLISHMENT_OF_PROTEIN_LOCALIZATION_TO_TELOMERE		17	0.39392638	1.9420024	0.0038314175	0.031450048	1.0	1497	tags=47%, list=8%, signal=51%	
GOBP_RIBONUCLEOSIDE_TRIPHOSPHATE_BIOSYNTHETIC_PROCESS	GOBP_RIBONUCLEOSIDE_TRIPHOSPHATE_BIOSYNTHETIC_PROCESS		45	0.24446735	1.9378332	0.01183432	0.031988356	1.0	2171	tags=36%, list=11%, signal=40%	
GOBP_PYRIMIDINE_NUCLEOSIDE_TRIPHOSPHATE_BIOSYNTHETIC_PROCESS	GOBP_PYRIMIDINE_NUCLEOSIDE_TRIPHOSPHATE_BIOSYNTHETIC_PROCESS		17	0.39119947	1.935684	0.011741683	0.03213346	1.0	1550	tags=47%, list=8%, signal=51%	
GOBP_FATTY_ACID_METABOLIC_PROCESS	GOBP_FATTY_ACID_METABOLIC_PROCESS		304	0.09449357	1.9241405	0.0040816325	0.033972494	1.0	1709	tags=18%, list=9%, signal=20%	
GOBP_BRANCHED_CHAIN_AMINO_ACID_METABOLIC_PROCESS	GOBP_BRANCHED_CHAIN_AMINO_ACID_METABOLIC_PROCESS		22	0.3435373	1.9194101	0.0056818184	0.03471812	1.0	2166	tags=45%, list=11%, signal=51%	
GOBP_CILIUM_MOVEMENT	GOBP_CILIUM_MOVEMENT		107	0.1589205	1.9151437	0.007858546	0.035328638	1.0	10378	tags=69%, list=53%, signal=147%	
GOBP_SPERM_MOTILITY	GOBP_SPERM_MOTILITY		60	0.2121814	1.9113555	0.012096774	0.035832796	1.0	12095	tags=83%, list=62%, signal=220%	
GOBP_RESPONSE_TO_INTERLEUKIN_1	GOBP_RESPONSE_TO_INTERLEUKIN_1		171	0.12477171	1.9043717	0.0058252425	0.036976043	1.0	1461	tags=20%, list=8%, signal=21%	
GOBP_TRNA_METABOLIC_PROCESS	GOBP_TRNA_METABOLIC_PROCESS		149	0.13576594	1.9042937	0.012024048	0.036733393	1.0	1556	tags=21%, list=8%, signal=23%	
GOBP_RIBOSOMAL_SMALL_SUBUNIT_BIOGENESIS	GOBP_RIBOSOMAL_SMALL_SUBUNIT_BIOGENESIS		72	0.19155	1.9003034	0.011627907	0.037247594	1.0	1420	tags=26%, list=7%, signal=28%	
GOBP_MONOSACCHARIDE_METABOLIC_PROCESS	GOBP_MONOSACCHARIDE_METABOLIC_PROCESS		243	0.104865216	1.8997138	0.003937008	0.037113857	1.0	1667	tags=19%, list=9%, signal=20%	
GOBP_CELLULAR_MODIFIED_AMINO_ACID_METABOLIC_PROCESS	GOBP_CELLULAR_MODIFIED_AMINO_ACID_METABOLIC_PROCESS		169	0.12707134	1.8886591	0.008179959	0.039313585	1.0	14239	tags=86%, list=73%, signal=317%	
GOBP_PURINERGIC_NUCLEOTIDE_RECEPTOR_SIGNALING_PATHWAY	GOBP_PURINERGIC_NUCLEOTIDE_RECEPTOR_SIGNALING_PATHWAY		24	0.31122723	1.8834865	0.008944544	0.040176142	1.0	10163	tags=83%, list=52%, signal=174%	
GOBP_TRIGLYCERIDE_CATABOLIC_PROCESS	GOBP_TRIGLYCERIDE_CATABOLIC_PROCESS		27	0.2973087	1.8634524	0.0060362173	0.044475332	1.0	12956	tags=96%, list=67%, signal=288%	
GOBP_GLYCOSYL_COMPOUND_BIOSYNTHETIC_PROCESS	GOBP_GLYCOSYL_COMPOUND_BIOSYNTHETIC_PROCESS		34	0.2736889	1.8634101	0.010460251	0.044191457	1.0	1550	tags=35%, list=8%, signal=38%	
GOBP_REGULATION_OF_ANIMAL_ORGAN_MORPHOGENESIS	GOBP_REGULATION_OF_ANIMAL_ORGAN_MORPHOGENESIS		167	0.1235096	1.8627443	0.012820513	0.04407116	1.0	1461	tags=20%, list=8%, signal=21%	
GOBP_CELLULAR_LIPID_CATABOLIC_PROCESS	GOBP_CELLULAR_LIPID_CATABOLIC_PROCESS		198	0.11462666	1.8589662	0.007905139	0.044792447	1.0	2213	tags=23%, list=11%, signal=25%	
GOBP_LEUKOTRIENE_BIOSYNTHETIC_PROCESS	GOBP_LEUKOTRIENE_BIOSYNTHETIC_PROCESS		15	0.3947423	1.8582163	0.022088353	0.044649128	1.0	11779	tags=100%, list=61%, signal=253%	
GOBP_GLUTATHIONE_METABOLIC_PROCESS	GOBP_GLUTATHIONE_METABOLIC_PROCESS		54	0.21219307	1.8565823	0.022222223	0.044792723	1.0	2367	tags=33%, list=12%, signal=38%	
GOBP_REGULATION_OF_INFLAMMATORY_RESPONSE_TO_ANTIGENIC_STIMULUS	GOBP_REGULATION_OF_INFLAMMATORY_RESPONSE_TO_ANTIGENIC_STIMULUS		21	0.33667836	1.8543237	0.01026694	0.04509232	1.0	11057	tags=90%, list=57%, signal=209%	
GOBP_SYNAPTIC_TRANSMISSION_CHOLINERGIC	GOBP_SYNAPTIC_TRANSMISSION_CHOLINERGIC		21	0.3352889	1.8464254	0.0057581575	0.046825916	1.0	11084	tags=90%, list=57%, signal=210%	
GOBP_ANTIMICROBIAL_HUMORAL_RESPONSE	GOBP_ANTIMICROBIAL_HUMORAL_RESPONSE		61	0.20291781	1.8402385	0.01923077	0.048193466	1.0	12328	tags=84%, list=63%, signal=228%	
GOBP_VIRAL_TRANSLATION	GOBP_VIRAL_TRANSLATION		16	0.39011616	1.8315867	0.006535948	0.050185766	1.0	927	tags=44%, list=5%, signal=46%	
GOBP_ORGANIC_ACID_BIOSYNTHETIC_PROCESS	GOBP_ORGANIC_ACID_BIOSYNTHETIC_PROCESS		258	0.09946146	1.828455	0.01953125	0.05071109	1.0	1709	tags=19%, list=9%, signal=20%	
GOBP_ASPARTATE_FAMILY_AMINO_ACID_METABOLIC_PROCESS	GOBP_ASPARTATE_FAMILY_AMINO_ACID_METABOLIC_PROCESS		46	0.22638626	1.8273499	0.028397566	0.050689064	1.0	1526	tags=30%, list=8%, signal=33%	
GOBP_LEUKOTRIENE_METABOLIC_PROCESS	GOBP_LEUKOTRIENE_METABOLIC_PROCESS		24	0.3114889	1.8264358	0.018442623	0.050648227	1.0	11779	tags=92%, list=61%, signal=232%	
GOBP_PROTEIN_MATURATION	GOBP_PROTEIN_MATURATION		247	0.10321758	1.8245953	0.0116731515	0.050832722	1.0	2427	tags=23%, list=12%, signal=26%	
GOBP_PYRIMIDINE_RIBONUCLEOSIDE_TRIPHOSPHATE_METABOLIC_PROCESS	GOBP_PYRIMIDINE_RIBONUCLEOSIDE_TRIPHOSPHATE_METABOLIC_PROCESS		15	0.38723466	1.8165498	0.012244898	0.052813064	1.0	1550	tags=47%, list=8%, signal=51%	
GOBP_GLUTAMINE_FAMILY_AMINO_ACID_METABOLIC_PROCESS	GOBP_GLUTAMINE_FAMILY_AMINO_ACID_METABOLIC_PROCESS		61	0.19689713	1.8070831	0.00862069	0.055327766	1.0	1921	tags=30%, list=10%, signal=33%	
GOBP_CELLULAR_AMINO_ACID_BIOSYNTHETIC_PROCESS	GOBP_CELLULAR_AMINO_ACID_BIOSYNTHETIC_PROCESS		62	0.19711006	1.7955194	0.015655577	0.05851168	1.0	2452	tags=32%, list=13%, signal=37%	
GOBP_RIBOSOMAL_SMALL_SUBUNIT_ASSEMBLY	GOBP_RIBOSOMAL_SMALL_SUBUNIT_ASSEMBLY		18	0.3508504	1.7909173	0.014344262	0.059602212	1.0	1826	tags=44%, list=9%, signal=49%	
GOBP_SENSORY_PERCEPTION_OF_LIGHT_STIMULUS	GOBP_SENSORY_PERCEPTION_OF_LIGHT_STIMULUS		157	0.120136455	1.7830071	0.012526096	0.061843034	1.0	13045	tags=79%, list=67%, signal=238%	
GOBP_SYNAPTIC_TRANSMISSION_DOPAMINERGIC	GOBP_SYNAPTIC_TRANSMISSION_DOPAMINERGIC		17	0.3586492	1.7793041	0.02	0.06277456	1.0	11337	tags=94%, list=58%, signal=225%	
GOBP_ICOSANOID_METABOLIC_PROCESS	GOBP_ICOSANOID_METABOLIC_PROCESS		79	0.1696042	1.7732993	0.019646365	0.06430814	1.0	11980	tags=78%, list=62%, signal=203%	
GOBP_NEUROPEPTIDE_SIGNALING_PATHWAY	GOBP_NEUROPEPTIDE_SIGNALING_PATHWAY		59	0.19682917	1.7708317	0.012526096	0.06472181	1.0	12997	tags=86%, list=67%, signal=260%	
GOBP_ANTIMICROBIAL_HUMORAL_IMMUNE_RESPONSE_MEDIATED_BY_ANTIMICROBIAL_PEPTIDE	GOBP_ANTIMICROBIAL_HUMORAL_IMMUNE_RESPONSE_MEDIATED_BY_ANTIMICROBIAL_PEPTIDE		30	0.26926672	1.7601029	0.026804123	0.06810182	1.0	9683	tags=77%, list=50%, signal=152%	
GOBP_AXONEMAL_DYNEIN_COMPLEX_ASSEMBLY	GOBP_AXONEMAL_DYNEIN_COMPLEX_ASSEMBLY		24	0.29872018	1.7578493	0.028735632	0.068511136	1.0	10406	tags=83%, list=53%, signal=179%	
GOBP_PRIMARY_ALCOHOL_METABOLIC_PROCESS	GOBP_PRIMARY_ALCOHOL_METABOLIC_PROCESS		61	0.1935148	1.7538087	0.021526419	0.06964416	1.0	3900	tags=39%, list=20%, signal=49%	
GOBP_DEFENSE_RESPONSE_TO_FUNGUS	GOBP_DEFENSE_RESPONSE_TO_FUNGUS		18	0.3421719	1.7447435	0.015594542	0.07256296	1.0	8479	tags=78%, list=44%, signal=138%	
GOBP_DEFENSE_RESPONSE_TO_GRAM_NEGATIVE_BACTERIUM	GOBP_DEFENSE_RESPONSE_TO_GRAM_NEGATIVE_BACTERIUM		38	0.23198695	1.7440794	0.020242915	0.07243041	1.0	8293	tags=66%, list=43%, signal=114%	
GOBP_SINGLE_FERTILIZATION	GOBP_SINGLE_FERTILIZATION		96	0.1555806	1.7416562	0.016563147	0.07289386	1.0	10564	tags=70%, list=54%, signal=152%	
GOBP_POSITIVE_REGULATION_OF_T_CELL_PROLIFERATION	GOBP_POSITIVE_REGULATION_OF_T_CELL_PROLIFERATION		70	0.18343395	1.7414876	0.025210084	0.0725224	1.0	11728	tags=79%, list=60%, signal=197%	
GOBP_ALPHA_AMINO_ACID_BIOSYNTHETIC_PROCESS	GOBP_ALPHA_AMINO_ACID_BIOSYNTHETIC_PROCESS		55	0.20174432	1.7390109	0.01443299	0.073044494	1.0	2452	tags=33%, list=13%, signal=37%	
GOBP_INFLAMMATORY_RESPONSE_TO_ANTIGENIC_STIMULUS	GOBP_INFLAMMATORY_RESPONSE_TO_ANTIGENIC_STIMULUS		40	0.2320301	1.7313068	0.025830258	0.07565191	1.0	11057	tags=80%, list=57%, signal=185%	
GOBP_SENSORY_PERCEPTION_OF_CHEMICAL_STIMULUS	GOBP_SENSORY_PERCEPTION_OF_CHEMICAL_STIMULUS		45	0.221028	1.7299037	0.026104419	0.07578371	1.0	14730	tags=98%, list=76%, signal=402%	
GOBP_NUCLEOTIDE_PHOSPHORYLATION	GOBP_NUCLEOTIDE_PHOSPHORYLATION		121	0.13599128	1.7216116	0.018218623	0.07858634	1.0	1550	tags=21%, list=8%, signal=23%	
GOBP_CELLULAR_ALDEHYDE_METABOLIC_PROCESS	GOBP_CELLULAR_ALDEHYDE_METABOLIC_PROCESS		48	0.21212748	1.7197906	0.03646833	0.078834824	1.0	2367	tags=33%, list=12%, signal=38%	
GOBP_NEGATIVE_REGULATION_OF_VIRAL_LIFE_CYCLE	GOBP_NEGATIVE_REGULATION_OF_VIRAL_LIFE_CYCLE		16	0.3548323	1.7121651	0.02745098	0.08141504	1.0	397	tags=38%, list=2%, signal=38%	
GOBP_ANTIGEN_RECEPTOR_MEDIATED_SIGNALING_PATHWAY	GOBP_ANTIGEN_RECEPTOR_MEDIATED_SIGNALING_PATHWAY		199	0.10488194	1.7117755	0.027184466	0.08114145	1.0	1792	tags=20%, list=9%, signal=21%	
GOBP_NUCLEOSIDE_TRIPHOSPHATE_BIOSYNTHETIC_PROCESS	GOBP_NUCLEOSIDE_TRIPHOSPHATE_BIOSYNTHETIC_PROCESS		56	0.19247179	1.7043655	0.026262626	0.08378125	1.0	2171	tags=30%, list=11%, signal=34%	
GOBP_PYRIMIDINE_CONTAINING_COMPOUND_BIOSYNTHETIC_PROCESS	GOBP_PYRIMIDINE_CONTAINING_COMPOUND_BIOSYNTHETIC_PROCESS		34	0.24422564	1.7031448	0.023904383	0.08386712	1.0	1550	tags=32%, list=8%, signal=35%	
GOBP_FERTILIZATION	GOBP_FERTILIZATION		123	0.1325308	1.7017066	0.028688524	0.08401831	1.0	10564	tags=67%, list=54%, signal=147%	
GOBP_GLUCOSE_CATABOLIC_PROCESS	GOBP_GLUCOSE_CATABOLIC_PROCESS		31	0.25788513	1.6991594	0.029821074	0.08458943	1.0	638	tags=29%, list=3%, signal=30%	
GOBP_NUCLEAR_TRANSCRIBED_MRNA_CATABOLIC_PROCESS_EXONUCLEOLYTIC	GOBP_NUCLEAR_TRANSCRIBED_MRNA_CATABOLIC_PROCESS_EXONUCLEOLYTIC		34	0.24941915	1.6970675	0.01992032	0.08503139	1.0	877	tags=29%, list=5%, signal=31%	
GOBP_POSITIVE_REGULATION_OF_ALPHA_BETA_T_CELL_PROLIFERATION	GOBP_POSITIVE_REGULATION_OF_ALPHA_BETA_T_CELL_PROLIFERATION		16	0.34667775	1.6966156	0.037950665	0.084811546	1.0	10282	tags=88%, list=53%, signal=185%	
GOBP_NUCLEOSIDE_METABOLIC_PROCESS	GOBP_NUCLEOSIDE_METABOLIC_PROCESS		83	0.1619241	1.6966062	0.034907598	0.08436369	1.0	1550	tags=24%, list=8%, signal=26%	
GOBP_AMINE_CATABOLIC_PROCESS	GOBP_AMINE_CATABOLIC_PROCESS		22	0.297657	1.6954222	0.027083334	0.08441452	1.0	12784	tags=95%, list=66%, signal=278%	
GOBP_NUCLEOSIDE_TRIPHOSPHATE_METABOLIC_PROCESS	GOBP_NUCLEOSIDE_TRIPHOSPHATE_METABOLIC_PROCESS		78	0.16451877	1.6929091	0.033264033	0.08500206	1.0	1550	tags=24%, list=8%, signal=26%	
GOBP_RRNA_MODIFICATION	GOBP_RRNA_MODIFICATION		37	0.23062618	1.692179	0.028629856	0.08487949	1.0	2356	tags=35%, list=12%, signal=40%	
GOBP_BENZENE_CONTAINING_COMPOUND_METABOLIC_PROCESS	GOBP_BENZENE_CONTAINING_COMPOUND_METABOLIC_PROCESS		19	0.33185735	1.6847755	0.022177419	0.08762284	1.0	10955	tags=89%, list=56%, signal=205%	
GOBP_RIBONUCLEOSIDE_TRIPHOSPHATE_METABOLIC_PROCESS	GOBP_RIBONUCLEOSIDE_TRIPHOSPHATE_METABOLIC_PROCESS		57	0.18714024	1.6817708	0.027131783	0.088507086	1.0	2171	tags=30%, list=11%, signal=33%	
GOBP_PYRIMIDINE_RIBONUCLEOTIDE_METABOLIC_PROCESS	GOBP_PYRIMIDINE_RIBONUCLEOTIDE_METABOLIC_PROCESS		26	0.26677978	1.6694652	0.033771105	0.09359182	1.0	1550	tags=35%, list=8%, signal=38%	
GOBP_POSITIVE_REGULATION_OF_PROTEIN_MATURATION	GOBP_POSITIVE_REGULATION_OF_PROTEIN_MATURATION		23	0.28765246	1.6638573	0.03887689	0.09580496	1.0	9634	tags=78%, list=50%, signal=155%	
GOBP_FLUID_TRANSPORT	GOBP_FLUID_TRANSPORT		27	0.26462626	1.6608812	0.030364372	0.09672683	1.0	9268	tags=74%, list=48%, signal=141%	
GOBP_PSEUDOURIDINE_SYNTHESIS	GOBP_PSEUDOURIDINE_SYNTHESIS		18	0.32358003	1.6608009	0.027559055	0.09628108	1.0	2356	tags=44%, list=12%, signal=51%	
GOBP_MITOCHONDRIAL_TRANSMEMBRANE_TRANSPORT	GOBP_MITOCHONDRIAL_TRANSMEMBRANE_TRANSPORT		85	0.15340647	1.6587824	0.03250478	0.09677348	1.0	1605	tags=24%, list=8%, signal=26%	
GOBP_LIPID_CATABOLIC_PROCESS	GOBP_LIPID_CATABOLIC_PROCESS		271	0.08665643	1.6522741	0.037254903	0.09944888	1.0	2213	tags=20%, list=11%, signal=22%	
GOBP_REGULATION_OF_CYSTEINE_TYPE_ENDOPEPTIDASE_ACTIVITY_INVOLVED_IN_APOPTOTIC_SIGNALING_PATHWAY	GOBP_REGULATION_OF_CYSTEINE_TYPE_ENDOPEPTIDASE_ACTIVITY_INVOLVED_IN_APOPTOTIC_SIGNALING_PATHWAY		17	0.33227304	1.6510357	0.038934425	0.09953365	1.0	1551	tags=41%, list=8%, signal=45%	
GOBP_PEROXISOME_ORGANIZATION	GOBP_PEROXISOME_ORGANIZATION		78	0.15757088	1.6507201	0.042168673	0.099191345	1.0	3181	tags=32%, list=16%, signal=38%	
GOBP_COLLAGEN_CATABOLIC_PROCESS	GOBP_COLLAGEN_CATABOLIC_PROCESS		40	0.21482256	1.6360818	0.019067796	0.10586164	1.0	14309	tags=95%, list=74%, signal=359%	
GOBP_NEGATIVE_REGULATION_OF_OXIDATIVE_STRESS_INDUCED_INTRINSIC_APOPTOTIC_SIGNALING_PATHWAY	GOBP_NEGATIVE_REGULATION_OF_OXIDATIVE_STRESS_INDUCED_INTRINSIC_APOPTOTIC_SIGNALING_PATHWAY		19	0.30970138	1.6284349	0.038617887	0.10930385	1.0	2171	tags=42%, list=11%, signal=47%	
GOBP_VITAMIN_D_METABOLIC_PROCESS	GOBP_VITAMIN_D_METABOLIC_PROCESS		16	0.33679646	1.6162337	0.04133858	0.115220174	1.0	4395	tags=56%, list=23%, signal=73%	
GOBP_REGULATION_OF_COMPLEMENT_ACTIVATION	GOBP_REGULATION_OF_COMPLEMENT_ACTIVATION		34	0.24123585	1.6126484	0.0513347	0.116620496	1.0	13051	tags=91%, list=67%, signal=277%	
GOBP_DEFENSE_RESPONSE_TO_BACTERIUM	GOBP_DEFENSE_RESPONSE_TO_BACTERIUM		141	0.11409027	1.6056467	0.020283977	0.12011173	1.0	12144	tags=74%, list=62%, signal=195%	
GOBP_ANTIBACTERIAL_HUMORAL_RESPONSE	GOBP_ANTIBACTERIAL_HUMORAL_RESPONSE		22	0.28508806	1.6038235	0.05576923	0.12055298	1.0	12144	tags=91%, list=62%, signal=242%	
GOBP_PURINE_NUCLEOSIDE_METABOLIC_PROCESS	GOBP_PURINE_NUCLEOSIDE_METABOLIC_PROCESS		52	0.19000806	1.6032187	0.04024145	0.12035651	1.0	1550	tags=27%, list=8%, signal=29%	
GOBP_GUANOSINE_CONTAINING_COMPOUND_METABOLIC_PROCESS	GOBP_GUANOSINE_CONTAINING_COMPOUND_METABOLIC_PROCESS		36	0.22624362	1.6008008	0.04323308	0.12117295	1.0	1550	tags=31%, list=8%, signal=33%	
GOBP_NEGATIVE_REGULATION_OF_UBIQUITIN_PROTEIN_TRANSFERASE_ACTIVITY	GOBP_NEGATIVE_REGULATION_OF_UBIQUITIN_PROTEIN_TRANSFERASE_ACTIVITY		16	0.33764857	1.5918497	0.03557312	0.12559226	1.0	731	tags=38%, list=4%, signal=39%	
GOBP_REGULATION_OF_UBIQUITIN_PROTEIN_LIGASE_ACTIVITY	GOBP_REGULATION_OF_UBIQUITIN_PROTEIN_LIGASE_ACTIVITY		21	0.28506243	1.5867996	0.04893617	0.12812719	1.0	944	tags=33%, list=5%, signal=35%	
GOBP_SENSORY_PERCEPTION	GOBP_SENSORY_PERCEPTION		383	0.07035783	1.5707895	0.038387716	0.13725981	1.0	12828	tags=73%, list=66%, signal=210%	
GOBP_RETINOL_METABOLIC_PROCESS	GOBP_RETINOL_METABOLIC_PROCESS		27	0.24967875	1.5670041	0.051587302	0.13907105	1.0	4515	tags=48%, list=23%, signal=63%	
GOBP_PEROXISOMAL_TRANSPORT	GOBP_PEROXISOMAL_TRANSPORT		67	0.16535397	1.5647458	0.05679513	0.13989945	1.0	3181	tags=33%, list=16%, signal=39%	
GOBP_TRNA_5_END_PROCESSING	GOBP_TRNA_5_END_PROCESSING		16	0.32787338	1.5643874	0.049281314	0.13947278	1.0	921	tags=38%, list=5%, signal=39%	
GOBP_REGULATION_OF_INSULIN_LIKE_GROWTH_FACTOR_RECEPTOR_SIGNALING_PATHWAY	GOBP_REGULATION_OF_INSULIN_LIKE_GROWTH_FACTOR_RECEPTOR_SIGNALING_PATHWAY		16	0.32295045	1.5624532	0.042857144	0.14001986	1.0	11959	tags=94%, list=61%, signal=243%	
GOBP_PURINE_NUCLEOSIDE_BIOSYNTHETIC_PROCESS	GOBP_PURINE_NUCLEOSIDE_BIOSYNTHETIC_PROCESS		18	0.30944458	1.5622493	0.060037524	0.13950899	1.0	1550	tags=39%, list=8%, signal=42%	
GOBP_RELEASE_OF_CYTOCHROME_C_FROM_MITOCHONDRIA	GOBP_RELEASE_OF_CYTOCHROME_C_FROM_MITOCHONDRIA		52	0.18352346	1.5553797	0.045816734	0.14339867	1.0	2424	tags=31%, list=12%, signal=35%	
GOBP_HUMORAL_IMMUNE_RESPONSE_MEDIATED_BY_CIRCULATING_IMMUNOGLOBULIN	GOBP_HUMORAL_IMMUNE_RESPONSE_MEDIATED_BY_CIRCULATING_IMMUNOGLOBULIN		34	0.2269639	1.5450863	0.057312254	0.14968677	1.0	12756	tags=88%, list=66%, signal=256%	
GOBP_RESPONSE_TO_TOXIC_SUBSTANCE	GOBP_RESPONSE_TO_TOXIC_SUBSTANCE		187	0.098926045	1.5376307	0.058467742	0.15425998	1.0	1630	tags=18%, list=8%, signal=20%	
GOBP_RESPONSE_TO_FUNGUS	GOBP_RESPONSE_TO_FUNGUS		30	0.233124	1.535525	0.0708502	0.15504101	1.0	10385	tags=77%, list=53%, signal=164%	
GOBP_PROTEIN_ACTIVATION_CASCADE	GOBP_PROTEIN_ACTIVATION_CASCADE		23	0.2688156	1.5210253	0.05490196	0.16480145	1.0	10000	tags=78%, list=51%, signal=161%	
GOBP_SHORT_CHAIN_FATTY_ACID_METABOLIC_PROCESS	GOBP_SHORT_CHAIN_FATTY_ACID_METABOLIC_PROCESS		15	0.31819123	1.5197891	0.043032788	0.16496472	1.0	13267	tags=100%, list=68%, signal=314%	
GOBP_RESPONSE_TO_INTERFERON_BETA	GOBP_RESPONSE_TO_INTERFERON_BETA		22	0.26404154	1.5152478	0.07554672	0.16754898	1.0	1058	tags=32%, list=5%, signal=34%	
GOBP_HYDROGEN_PEROXIDE_METABOLIC_PROCESS	GOBP_HYDROGEN_PEROXIDE_METABOLIC_PROCESS		33	0.2172175	1.5136701	0.05533597	0.16800915	1.0	1086	tags=27%, list=6%, signal=29%	
GOBP_REGULATION_OF_MITOCHONDRIAL_MEMBRANE_POTENTIAL	GOBP_REGULATION_OF_MITOCHONDRIAL_MEMBRANE_POTENTIAL		63	0.16157815	1.5109613	0.07212476	0.16929452	1.0	2424	tags=29%, list=12%, signal=33%	
GOBP_PHOSPHATIDYLINOSITOL_ACYL_CHAIN_REMODELING	GOBP_PHOSPHATIDYLINOSITOL_ACYL_CHAIN_REMODELING		16	0.31135207	1.5008401	0.04375	0.17636348	1.0	8537	tags=75%, list=44%, signal=134%	
GOBP_NAD_METABOLIC_PROCESS	GOBP_NAD_METABOLIC_PROCESS		45	0.18981291	1.4951262	0.08785047	0.17997806	1.0	638	tags=22%, list=3%, signal=23%	
GOBP_RNA_5_END_PROCESSING	GOBP_RNA_5_END_PROCESSING		23	0.2572557	1.4949579	0.07722772	0.17932506	1.0	921	tags=30%, list=5%, signal=32%	
GOBP_INDOLE_CONTAINING_COMPOUND_METABOLIC_PROCESS	GOBP_INDOLE_CONTAINING_COMPOUND_METABOLIC_PROCESS		18	0.29334247	1.4937878	0.088	0.17946802	1.0	9428	tags=78%, list=48%, signal=151%	
GOBP_PYRIMIDINE_CONTAINING_COMPOUND_METABOLIC_PROCESS	GOBP_PYRIMIDINE_CONTAINING_COMPOUND_METABOLIC_PROCESS		67	0.15364142	1.4927988	0.06365503	0.17944385	1.0	1666	tags=24%, list=9%, signal=26%	
GOBP_ARGININE_METABOLIC_PROCESS	GOBP_ARGININE_METABOLIC_PROCESS		15	0.3165518	1.4766772	0.078998074	0.19171374	1.0	12002	tags=93%, list=62%, signal=243%	
GOBP_G_PROTEIN_COUPLED_RECEPTOR_SIGNALING_PATHWAY_COUPLED_TO_CYCLIC_NUCLEOTIDE_SECOND_MESSENGER	GOBP_G_PROTEIN_COUPLED_RECEPTOR_SIGNALING_PATHWAY_COUPLED_TO_CYCLIC_NUCLEOTIDE_SECOND_MESSENGER		33	0.21480826	1.4754053	0.07677543	0.1919421	1.0	12333	tags=85%, list=63%, signal=231%	
GOBP_NAD_BIOSYNTHETIC_PROCESS	GOBP_NAD_BIOSYNTHETIC_PROCESS		24	0.2526593	1.4747372	0.08163265	0.19168098	1.0	12922	tags=92%, list=66%, signal=273%	
GOBP_DETECTION_OF_TEMPERATURE_STIMULUS	GOBP_DETECTION_OF_TEMPERATURE_STIMULUS		17	0.29831848	1.4656764	0.086363636	0.19862878	1.0	10221	tags=82%, list=53%, signal=173%	
GOBP_DICARBOXYLIC_ACID_METABOLIC_PROCESS	GOBP_DICARBOXYLIC_ACID_METABOLIC_PROCESS		80	0.14008673	1.4618962	0.078947365	0.20115311	1.0	3121	tags=30%, list=16%, signal=36%	
GOBP_GLYCOSYL_COMPOUND_CATABOLIC_PROCESS	GOBP_GLYCOSYL_COMPOUND_CATABOLIC_PROCESS		29	0.2277293	1.4578842	0.083690986	0.203818	1.0	13687	tags=93%, list=70%, signal=314%	
GOBP_MATURATION_OF_LSU_RRNA	GOBP_MATURATION_OF_LSU_RRNA		28	0.22836553	1.4555682	0.086872585	0.20497341	1.0	1121	tags=29%, list=6%, signal=30%	
GOBP_ASPARTATE_FAMILY_AMINO_ACID_CATABOLIC_PROCESS	GOBP_ASPARTATE_FAMILY_AMINO_ACID_CATABOLIC_PROCESS		22	0.25629383	1.4547788	0.08032128	0.2048383	1.0	2977	tags=41%, list=15%, signal=48%	
GOBP_PROTON_TRANSMEMBRANE_TRANSPORT	GOBP_PROTON_TRANSMEMBRANE_TRANSPORT		108	0.12128649	1.4539605	0.08477842	0.20471194	1.0	1075	tags=18%, list=6%, signal=19%	
GOBP_ORGANIC_HYDROXY_COMPOUND_CATABOLIC_PROCESS	GOBP_ORGANIC_HYDROXY_COMPOUND_CATABOLIC_PROCESS		51	0.17199562	1.4402928	0.088932805	0.21622714	1.0	4672	tags=41%, list=24%, signal=54%	
GOBP_DICARBOXYLIC_ACID_CATABOLIC_PROCESS	GOBP_DICARBOXYLIC_ACID_CATABOLIC_PROCESS		16	0.29293358	1.4395388	0.10547667	0.21602945	1.0	8895	tags=75%, list=46%, signal=138%	
GOBP_PROTEIN_TRANSMEMBRANE_TRANSPORT	GOBP_PROTEIN_TRANSMEMBRANE_TRANSPORT		56	0.16077873	1.438474	0.086	0.21611357	1.0	2091	tags=27%, list=11%, signal=30%	
GOBP_SENSORY_PERCEPTION_OF_TASTE	GOBP_SENSORY_PERCEPTION_OF_TASTE		24	0.24303882	1.4319446	0.10612245	0.22113842	1.0	14730	tags=100%, list=76%, signal=411%	
GOBP_AMYLOID_FIBRIL_FORMATION	GOBP_AMYLOID_FIBRIL_FORMATION		22	0.24948888	1.4287803	0.101265825	0.22326633	1.0	2225	tags=36%, list=11%, signal=41%	
GOBP_VITAMIN_METABOLIC_PROCESS	GOBP_VITAMIN_METABOLIC_PROCESS		102	0.12081207	1.4250698	0.093877554	0.22593817	1.0	13872	tags=83%, list=71%, signal=289%	
GOBP_CARBOHYDRATE_DERIVATIVE_CATABOLIC_PROCESS	GOBP_CARBOHYDRATE_DERIVATIVE_CATABOLIC_PROCESS		157	0.09926483	1.4198128	0.10934394	0.23010112	1.0	4031	tags=31%, list=21%, signal=38%	
GOBP_DENDRITIC_CELL_CHEMOTAXIS	GOBP_DENDRITIC_CELL_CHEMOTAXIS		18	0.2779207	1.4180067	0.0956023	0.23095916	1.0	8647	tags=72%, list=44%, signal=130%	
GOBP_POSITIVE_REGULATION_OF_SIGNAL_TRANSDUCTION_BY_P53_CLASS_MEDIATOR	GOBP_POSITIVE_REGULATION_OF_SIGNAL_TRANSDUCTION_BY_P53_CLASS_MEDIATOR		20	0.26145732	1.4166476	0.118473895	0.23129626	1.0	754	tags=30%, list=4%, signal=31%	
GOBP_MITOCHONDRIAL_CYTOCHROME_C_OXIDASE_ASSEMBLY	GOBP_MITOCHONDRIAL_CYTOCHROME_C_OXIDASE_ASSEMBLY		19	0.26627234	1.4158825	0.10526316	0.23112191	1.0	3015	tags=42%, list=15%, signal=50%	
GOBP_CELL_RECOGNITION	GOBP_CELL_RECOGNITION		119	0.11341801	1.4150819	0.08577406	0.23099014	1.0	12682	tags=76%, list=65%, signal=218%	
GOBP_AMINO_ACID_BETAINE_METABOLIC_PROCESS	GOBP_AMINO_ACID_BETAINE_METABOLIC_PROCESS		15	0.29972565	1.4122602	0.08974359	0.23279221	1.0	3251	tags=47%, list=17%, signal=56%	
GOBP_ACUTE_INFLAMMATORY_RESPONSE_TO_ANTIGENIC_STIMULUS	GOBP_ACUTE_INFLAMMATORY_RESPONSE_TO_ANTIGENIC_STIMULUS		19	0.27392578	1.4041624	0.09166667	0.23967949	1.0	11057	tags=84%, list=57%, signal=195%	
GOBP_IRON_SULFUR_CLUSTER_ASSEMBLY	GOBP_IRON_SULFUR_CLUSTER_ASSEMBLY		23	0.2433082	1.3949068	0.11570248	0.24797931	1.0	1192	tags=30%, list=6%, signal=32%	
GOBP_CHRONIC_INFLAMMATORY_RESPONSE	GOBP_CHRONIC_INFLAMMATORY_RESPONSE		17	0.28564036	1.3879917	0.12713473	0.2541615	1.0	12756	tags=94%, list=66%, signal=273%	
GOBP_NEUTRAL_LIPID_CATABOLIC_PROCESS	GOBP_NEUTRAL_LIPID_CATABOLIC_PROCESS		35	0.19142033	1.3875831	0.11553785	0.25361058	1.0	12956	tags=86%, list=67%, signal=256%	
GOBP_REGULATION_OF_INTRINSIC_APOPTOTIC_SIGNALING_PATHWAY_BY_P53_CLASS_MEDIATOR	GOBP_REGULATION_OF_INTRINSIC_APOPTOTIC_SIGNALING_PATHWAY_BY_P53_CLASS_MEDIATOR		24	0.23546204	1.3845994	0.116959065	0.2556496	1.0	1098	tags=29%, list=6%, signal=31%	
GOBP_DEOXYRIBOSE_PHOSPHATE_CATABOLIC_PROCESS	GOBP_DEOXYRIBOSE_PHOSPHATE_CATABOLIC_PROCESS		25	0.23476836	1.383157	0.11377245	0.25614306	1.0	2441	tags=36%, list=13%, signal=41%	
GOBP_ZYMOGEN_ACTIVATION	GOBP_ZYMOGEN_ACTIVATION		46	0.17402506	1.3824437	0.12955466	0.25588715	1.0	11000	tags=74%, list=57%, signal=170%	
GOBP_GLYCOPROTEIN_CATABOLIC_PROCESS	GOBP_GLYCOPROTEIN_CATABOLIC_PROCESS		22	0.24026042	1.3799502	0.108606555	0.25749138	1.0	5057	tags=50%, list=26%, signal=67%	
GOBP_CALCIUM_DEPENDENT_CELL_CELL_ADHESION_VIA_PLASMA_MEMBRANE_CELL_ADHESION_MOLECULES	GOBP_CALCIUM_DEPENDENT_CELL_CELL_ADHESION_VIA_PLASMA_MEMBRANE_CELL_ADHESION_MOLECULES		33	0.2035281	1.3797414	0.11900192	0.25674745	1.0	14910	tags=97%, list=77%, signal=415%	
GOBP_THYROID_HORMONE_GENERATION	GOBP_THYROID_HORMONE_GENERATION		17	0.27308634	1.3779887	0.11895161	0.2575902	1.0	13000	tags=94%, list=67%, signal=283%	
GOBP_DEFENSE_RESPONSE_TO_GRAM_POSITIVE_BACTERIUM	GOBP_DEFENSE_RESPONSE_TO_GRAM_POSITIVE_BACTERIUM		46	0.17070487	1.3774059	0.114164904	0.25718084	1.0	12756	tags=83%, list=66%, signal=239%	
GOBP_MUSCLE_FILAMENT_SLIDING	GOBP_MUSCLE_FILAMENT_SLIDING		33	0.2002138	1.3771288	0.119140625	0.25650755	1.0	9669	tags=70%, list=50%, signal=138%	
GOBP_SENSORY_PERCEPTION_OF_TEMPERATURE_STIMULUS	GOBP_SENSORY_PERCEPTION_OF_TEMPERATURE_STIMULUS		18	0.26540318	1.3761257	0.1009901	0.25655913	1.0	9971	tags=78%, list=51%, signal=159%	
GOBP_RNA_POLYMERASE_II_PREINITIATION_COMPLEX_ASSEMBLY	GOBP_RNA_POLYMERASE_II_PREINITIATION_COMPLEX_ASSEMBLY		21	0.24667217	1.3719547	0.1391129	0.25992936	1.0	1690	tags=33%, list=9%, signal=36%	
GOBP_GPI_ANCHOR_METABOLIC_PROCESS	GOBP_GPI_ANCHOR_METABOLIC_PROCESS		29	0.21443611	1.3703246	0.119373776	0.26064703	1.0	14616	tags=97%, list=75%, signal=388%	
GOBP_HEME_METABOLIC_PROCESS	GOBP_HEME_METABOLIC_PROCESS		29	0.21226852	1.361969	0.13346614	0.26870662	1.0	5267	tags=48%, list=27%, signal=66%	
GOBP_INTERLEUKIN_17_PRODUCTION	GOBP_INTERLEUKIN_17_PRODUCTION		28	0.21483916	1.3590626	0.12890625	0.27087843	1.0	11805	tags=82%, list=61%, signal=209%	
GOBP_PLASMINOGEN_ACTIVATION	GOBP_PLASMINOGEN_ACTIVATION		19	0.2569696	1.358659	0.132	0.27033004	1.0	8315	tags=68%, list=43%, signal=119%	
GOBP_MITOCHONDRIAL_TRANSCRIPTION	GOBP_MITOCHONDRIAL_TRANSCRIPTION		15	0.29123712	1.3547282	0.1321499	0.27363145	1.0	3416	tags=47%, list=18%, signal=57%	
GOBP_FAT_SOLUBLE_VITAMIN_METABOLIC_PROCESS	GOBP_FAT_SOLUBLE_VITAMIN_METABOLIC_PROCESS		32	0.20568907	1.3545076	0.11801242	0.27288294	1.0	4515	tags=44%, list=23%, signal=57%	
GOBP_GTP_METABOLIC_PROCESS	GOBP_GTP_METABOLIC_PROCESS		22	0.23872118	1.3480169	0.13253012	0.2790112	1.0	1550	tags=32%, list=8%, signal=35%	
GOBP_REGULATION_OF_T_HELPER_1_TYPE_IMMUNE_RESPONSE	GOBP_REGULATION_OF_T_HELPER_1_TYPE_IMMUNE_RESPONSE		19	0.26040092	1.3455682	0.14579055	0.2807386	1.0	10296	tags=79%, list=53%, signal=168%	
GOBP_CYTOCHROME_COMPLEX_ASSEMBLY	GOBP_CYTOCHROME_COMPLEX_ASSEMBLY		31	0.20011725	1.3446509	0.11553785	0.28072095	1.0	3015	tags=35%, list=15%, signal=42%	
GOBP_ICOSANOID_SECRETION	GOBP_ICOSANOID_SECRETION		30	0.20942014	1.3445714	0.11646587	0.27977413	1.0	14736	tags=97%, list=76%, signal=398%	
GOBP_RIBONUCLEOSIDE_METABOLIC_PROCESS	GOBP_RIBONUCLEOSIDE_METABOLIC_PROCESS		56	0.15285225	1.3408335	0.14401622	0.28305048	1.0	1550	tags=23%, list=8%, signal=25%	
GOBP_HOMOPHILIC_CELL_ADHESION_VIA_PLASMA_MEMBRANE_ADHESION_MOLECULES	GOBP_HOMOPHILIC_CELL_ADHESION_VIA_PLASMA_MEMBRANE_ADHESION_MOLECULES		111	0.10757529	1.3393427	0.13916501	0.28366643	1.0	15093	tags=88%, list=78%, signal=392%	
GOBP_PHOSPHATIDYLETHANOLAMINE_ACYL_CHAIN_REMODELING	GOBP_PHOSPHATIDYLETHANOLAMINE_ACYL_CHAIN_REMODELING		22	0.24318922	1.3392607	0.14018692	0.28273124	1.0	8537	tags=68%, list=44%, signal=121%	
GOBP_MEMBRANE_LIPID_CATABOLIC_PROCESS	GOBP_MEMBRANE_LIPID_CATABOLIC_PROCESS		30	0.2052601	1.3369098	0.13535354	0.28430632	1.0	3145	tags=37%, list=16%, signal=44%	
GOBP_NUCLEOSIDE_PHOSPHATE_BIOSYNTHETIC_PROCESS	GOBP_NUCLEOSIDE_PHOSPHATE_BIOSYNTHETIC_PROCESS		210	0.080004856	1.3365155	0.14171657	0.28373128	1.0	1609	tags=16%, list=8%, signal=17%	
GOBP_PROTEIN_HOMOTETRAMERIZATION	GOBP_PROTEIN_HOMOTETRAMERIZATION		51	0.16062626	1.3348933	0.14910537	0.28458652	1.0	2604	tags=29%, list=13%, signal=34%	
GOBP_DETECTION_OF_TEMPERATURE_STIMULUS_INVOLVED_IN_SENSORY_PERCEPTION	GOBP_DETECTION_OF_TEMPERATURE_STIMULUS_INVOLVED_IN_SENSORY_PERCEPTION		15	0.28760165	1.3328277	0.14257425	0.28597012	1.0	9971	tags=80%, list=51%, signal=164%	
GOBP_DETECTION_OF_STIMULUS_INVOLVED_IN_SENSORY_PERCEPTION	GOBP_DETECTION_OF_STIMULUS_INVOLVED_IN_SENSORY_PERCEPTION		62	0.1387815	1.332357	0.13934426	0.285504	1.0	11427	tags=73%, list=59%, signal=175%	
GOBP_POSITIVE_REGULATION_OF_VIRAL_TRANSCRIPTION	GOBP_POSITIVE_REGULATION_OF_VIRAL_TRANSCRIPTION		24	0.22310936	1.3302583	0.12737642	0.28683317	1.0	1338	tags=29%, list=7%, signal=31%	
GOBP_ICOSANOID_TRANSPORT	GOBP_ICOSANOID_TRANSPORT		36	0.18480085	1.3289496	0.15261044	0.2872948	1.0	14783	tags=94%, list=76%, signal=393%	
GOBP_ACUTE_INFLAMMATORY_RESPONSE	GOBP_ACUTE_INFLAMMATORY_RESPONSE		78	0.12840563	1.3258214	0.14285715	0.28991055	1.0	11228	tags=71%, list=58%, signal=166%	
GOBP_DENDRITIC_CELL_MIGRATION	GOBP_DENDRITIC_CELL_MIGRATION		23	0.23141044	1.3228241	0.1367347	0.29229203	1.0	9881	tags=74%, list=51%, signal=150%	
GOBP_SERINE_FAMILY_AMINO_ACID_METABOLIC_PROCESS	GOBP_SERINE_FAMILY_AMINO_ACID_METABOLIC_PROCESS		36	0.18443318	1.3211977	0.14115308	0.2931174	1.0	5604	tags=47%, list=29%, signal=66%	
GOBP_ARACHIDONIC_ACID_SECRETION	GOBP_ARACHIDONIC_ACID_SECRETION		21	0.2426925	1.3170078	0.15429688	0.29690403	1.0	14736	tags=100%, list=76%, signal=412%	
GOBP_REGULATION_OF_CYTOSOLIC_CALCIUM_ION_CONCENTRATION	GOBP_REGULATION_OF_CYTOSOLIC_CALCIUM_ION_CONCENTRATION		266	0.068308316	1.3138517	0.13545817	0.299508	1.0	14046	tags=79%, list=72%, signal=280%	
GOBP_RESPONSE_TO_XENOBIOTIC_STIMULUS	GOBP_RESPONSE_TO_XENOBIOTIC_STIMULUS		77	0.12715824	1.3136902	0.16765286	0.29869077	1.0	1830	tags=22%, list=9%, signal=24%	
GOBP_ORGANIC_CATION_TRANSPORT	GOBP_ORGANIC_CATION_TRANSPORT		28	0.20169887	1.3134534	0.14760914	0.29793787	1.0	12755	tags=86%, list=66%, signal=249%	
GOBP_MITOCHONDRION_MORPHOGENESIS	GOBP_MITOCHONDRION_MORPHOGENESIS		18	0.25378612	1.3131864	0.14257425	0.29723185	1.0	1551	tags=33%, list=8%, signal=36%	
GOBP_GLUTAMINE_FAMILY_AMINO_ACID_CATABOLIC_PROCESS	GOBP_GLUTAMINE_FAMILY_AMINO_ACID_CATABOLIC_PROCESS		22	0.23321451	1.312099	0.13043478	0.2975277	1.0	1657	tags=32%, list=9%, signal=35%	
GOBP_TETRAPYRROLE_METABOLIC_PROCESS	GOBP_TETRAPYRROLE_METABOLIC_PROCESS		49	0.15816326	1.3062353	0.14644352	0.30332854	1.0	5267	tags=43%, list=27%, signal=59%	
GOBP_REGULATION_OF_MITOCHONDRIAL_GENE_EXPRESSION	GOBP_REGULATION_OF_MITOCHONDRIAL_GENE_EXPRESSION		28	0.20486487	1.3053025	0.16492693	0.30338982	1.0	2967	tags=36%, list=15%, signal=42%	
GOBP_CELL_KILLING	GOBP_CELL_KILLING		90	0.114909336	1.3050821	0.16338582	0.30263022	1.0	15714	tags=92%, list=81%, signal=478%	
GOBP_DEOXYRIBONUCLEOTIDE_METABOLIC_PROCESS	GOBP_DEOXYRIBONUCLEOTIDE_METABOLIC_PROCESS		38	0.17691557	1.2958711	0.15268818	0.31237563	1.0	4243	tags=39%, list=22%, signal=50%	
GOBP_PHOSPHATIDYLCHOLINE_ACYL_CHAIN_REMODELING	GOBP_PHOSPHATIDYLCHOLINE_ACYL_CHAIN_REMODELING		28	0.20424713	1.2958072	0.15895373	0.31141606	1.0	8537	tags=64%, list=44%, signal=114%	
GOBP_SPERM_CAPACITATION	GOBP_SPERM_CAPACITATION		16	0.26527372	1.295045	0.1572327	0.3113075	1.0	7001	tags=63%, list=36%, signal=98%	
GOBP_PIGMENT_METABOLIC_PROCESS	GOBP_PIGMENT_METABOLIC_PROCESS		55	0.14852327	1.289316	0.16732283	0.3172181	1.0	2777	tags=29%, list=14%, signal=34%	
GOBP_WATER_SOLUBLE_VITAMIN_METABOLIC_PROCESS	GOBP_WATER_SOLUBLE_VITAMIN_METABOLIC_PROCESS		70	0.13465926	1.2884113	0.16492693	0.3172495	1.0	13785	tags=84%, list=71%, signal=288%	
GOBP_ALDITOL_METABOLIC_PROCESS	GOBP_ALDITOL_METABOLIC_PROCESS		18	0.25532973	1.2881439	0.171875	0.31655496	1.0	1521	tags=33%, list=8%, signal=36%	
GOBP_MITOCHONDRIAL_RNA_METABOLIC_PROCESS	GOBP_MITOCHONDRIAL_RNA_METABOLIC_PROCESS		43	0.16448966	1.2879682	0.16210526	0.3157284	1.0	2235	tags=28%, list=11%, signal=31%	
GOBP_NEGATIVE_REGULATION_OF_OXIDATIVE_STRESS_INDUCED_CELL_DEATH	GOBP_NEGATIVE_REGULATION_OF_OXIDATIVE_STRESS_INDUCED_CELL_DEATH		36	0.1847479	1.2876693	0.19681908	0.31504023	1.0	1275	tags=25%, list=7%, signal=27%	
GOBP_NUCLEOSIDE_PHOSPHATE_CATABOLIC_PROCESS	GOBP_NUCLEOSIDE_PHOSPHATE_CATABOLIC_PROCESS		74	0.13106763	1.2874503	0.17681728	0.31426305	1.0	4031	tags=34%, list=21%, signal=42%	
GOBP_POSITIVE_REGULATION_OF_CYTOSOLIC_CALCIUM_ION_CONCENTRATION_INVOLVED_IN_PHOSPHOLIPASE_C_ACTIVATING_G_PROTEIN_COUPLED_SIGNALING_PATHWAY	GOBP_POSITIVE_REGULATION_OF_CYTOSOLIC_CALCIUM_ION_CONCENTRATION_INVOLVED_IN_PHOSPHOLIPASE_C_ACTIVATING_G_PROTEIN_COUPLED_SIGNALING_PATHWAY		23	0.22345099	1.2783147	0.17013232	0.3243387	1.0	12573	tags=87%, list=65%, signal=246%	
GOBP_RESPONSE_TO_OXYGEN_RADICAL	GOBP_RESPONSE_TO_OXYGEN_RADICAL		24	0.22027855	1.2760116	0.1724138	0.32610953	1.0	1393	tags=29%, list=7%, signal=31%	
GOBP_DEOXYRIBONUCLEOSIDE_TRIPHOSPHATE_METABOLIC_PROCESS	GOBP_DEOXYRIBONUCLEOSIDE_TRIPHOSPHATE_METABOLIC_PROCESS		15	0.2746785	1.272366	0.18962076	0.32950327	1.0	2441	tags=40%, list=13%, signal=46%	
GOBP_THIOESTER_METABOLIC_PROCESS	GOBP_THIOESTER_METABOLIC_PROCESS		91	0.11437948	1.2715529	0.18219462	0.32942256	1.0	1846	tags=21%, list=9%, signal=23%	
GOBP_PHOTOTRANSDUCTION	GOBP_PHOTOTRANSDUCTION		41	0.167627	1.2696236	0.18972331	0.33063233	1.0	10030	tags=68%, list=52%, signal=141%	
GOBP_NEGATIVE_REGULATION_OF_BLOOD_PRESSURE	GOBP_NEGATIVE_REGULATION_OF_BLOOD_PRESSURE		28	0.2005277	1.2682271	0.17718941	0.33129588	1.0	12083	tags=82%, list=62%, signal=217%	
GOBP_GLYCINE_METABOLIC_PROCESS	GOBP_GLYCINE_METABOLIC_PROCESS		15	0.27411258	1.2652975	0.19685039	0.33387357	1.0	2452	tags=40%, list=13%, signal=46%	
GOBP_PEPTIDYL_ARGININE_MODIFICATION	GOBP_PEPTIDYL_ARGININE_MODIFICATION		26	0.20850642	1.261268	0.1876209	0.3379279	1.0	10164	tags=73%, list=52%, signal=153%	
GOBP_MITOCHONDRIAL_DEPOLARIZATION	GOBP_MITOCHONDRIAL_DEPOLARIZATION		20	0.23117894	1.2611829	0.1750503	0.33697212	1.0	5233	tags=50%, list=27%, signal=68%	
GOBP_ACUTE_PHASE_RESPONSE	GOBP_ACUTE_PHASE_RESPONSE		27	0.20081909	1.2610341	0.19753087	0.33608758	1.0	11228	tags=78%, list=58%, signal=184%	
GOBP_ICOSANOID_BIOSYNTHETIC_PROCESS	GOBP_ICOSANOID_BIOSYNTHETIC_PROCESS		41	0.16494071	1.2562467	0.18290259	0.3410527	1.0	11980	tags=78%, list=62%, signal=203%	
GOBP_REGULATION_OF_RELEASE_OF_CYTOCHROME_C_FROM_MITOCHONDRIA	GOBP_REGULATION_OF_RELEASE_OF_CYTOCHROME_C_FROM_MITOCHONDRIA		42	0.16253671	1.2529812	0.17610063	0.3440558	1.0	2402	tags=29%, list=12%, signal=33%	
GOBP_PIGMENT_BIOSYNTHETIC_PROCESS	GOBP_PIGMENT_BIOSYNTHETIC_PROCESS		47	0.15086143	1.2509644	0.18253969	0.3455454	1.0	2452	tags=28%, list=13%, signal=32%	
GOBP_MUSCLE_CELL_CELLULAR_HOMEOSTASIS	GOBP_MUSCLE_CELL_CELLULAR_HOMEOSTASIS		17	0.24973065	1.2488359	0.20081136	0.34706184	1.0	2011	tags=35%, list=10%, signal=39%	
GOBP_POSITIVE_REGULATION_OF_ACTIVATED_T_CELL_PROLIFERATION	GOBP_POSITIVE_REGULATION_OF_ACTIVATED_T_CELL_PROLIFERATION		17	0.24916166	1.2486864	0.17107943	0.34618324	1.0	13465	tags=94%, list=69%, signal=305%	
GOBP_POSITIVE_REGULATION_OF_ACTIN_CYTOSKELETON_REORGANIZATION	GOBP_POSITIVE_REGULATION_OF_ACTIN_CYTOSKELETON_REORGANIZATION		18	0.2411171	1.2436714	0.21084337	0.35146463	1.0	10443	tags=78%, list=54%, signal=168%	
GOBP_THYROID_HORMONE_METABOLIC_PROCESS	GOBP_THYROID_HORMONE_METABOLIC_PROCESS		20	0.23496374	1.23959	0.20944558	0.35571155	1.0	11968	tags=85%, list=62%, signal=221%	
GOBP_SULFUR_COMPOUND_CATABOLIC_PROCESS	GOBP_SULFUR_COMPOUND_CATABOLIC_PROCESS		44	0.15790707	1.2372783	0.19517103	0.35762313	1.0	4008	tags=36%, list=21%, signal=46%	
GOBP_POSITIVE_REGULATION_OF_NATURAL_KILLER_CELL_MEDIATED_IMMUNITY	GOBP_POSITIVE_REGULATION_OF_NATURAL_KILLER_CELL_MEDIATED_IMMUNITY		17	0.24450687	1.2350414	0.20112781	0.35939375	1.0	7834	tags=65%, list=40%, signal=108%	
GOBP_CELLULAR_RESPONSE_TO_OXYGEN_RADICAL	GOBP_CELLULAR_RESPONSE_TO_OXYGEN_RADICAL		20	0.22857511	1.2330558	0.18664047	0.36093652	1.0	1393	tags=30%, list=7%, signal=32%	
GOBP_PROSTANOID_METABOLIC_PROCESS	GOBP_PROSTANOID_METABOLIC_PROCESS		37	0.17411247	1.2285517	0.20806794	0.36566603	1.0	1876	tags=27%, list=10%, signal=30%	
GOBP_CELL_PROLIFERATION_IN_HINDBRAIN	GOBP_CELL_PROLIFERATION_IN_HINDBRAIN		16	0.2571063	1.2278885	0.21443737	0.36545652	1.0	12023	tags=88%, list=62%, signal=229%	
GOBP_2_OXOGLUTARATE_METABOLIC_PROCESS	GOBP_2_OXOGLUTARATE_METABOLIC_PROCESS		15	0.25898758	1.2269869	0.21370968	0.36550173	1.0	2746	tags=40%, list=14%, signal=47%	
GOBP_POSITIVE_REGULATION_OF_INTRINSIC_APOPTOTIC_SIGNALING_PATHWAY	GOBP_POSITIVE_REGULATION_OF_INTRINSIC_APOPTOTIC_SIGNALING_PATHWAY		54	0.14283669	1.2266194	0.20934959	0.3648396	1.0	1551	tags=22%, list=8%, signal=24%	
GOBP_NUCLEOSIDE_CATABOLIC_PROCESS	GOBP_NUCLEOSIDE_CATABOLIC_PROCESS		21	0.22428644	1.2233742	0.23091976	0.36805966	1.0	13241	tags=90%, list=68%, signal=283%	
GOBP_MONOCARBOXYLIC_ACID_BIOSYNTHETIC_PROCESS	GOBP_MONOCARBOXYLIC_ACID_BIOSYNTHETIC_PROCESS		173	0.08044126	1.222765	0.20992367	0.3677241	1.0	1709	tags=17%, list=9%, signal=18%	
GOBP_ACTIVATION_OF_PHOSPHOLIPASE_C_ACTIVITY	GOBP_ACTIVATION_OF_PHOSPHOLIPASE_C_ACTIVITY		26	0.20179294	1.21616	0.23	0.37548816	1.0	12539	tags=85%, list=64%, signal=238%	
GOBP_RRNA_METHYLATION	GOBP_RRNA_METHYLATION		25	0.20387892	1.2115027	0.20987654	0.38059646	1.0	2263	tags=32%, list=12%, signal=36%	
GOBP_CELLULAR_METABOLIC_COMPOUND_SALVAGE	GOBP_CELLULAR_METABOLIC_COMPOUND_SALVAGE		30	0.1842678	1.2097133	0.24144869	0.38193077	1.0	959	tags=23%, list=5%, signal=25%	
GOBP_GLUTAMINE_METABOLIC_PROCESS	GOBP_GLUTAMINE_METABOLIC_PROCESS		19	0.23078382	1.2092059	0.21676892	0.3814562	1.0	1657	tags=32%, list=9%, signal=34%	
GOBP_NUCLEOSIDE_BISPHOSPHATE_METABOLIC_PROCESS	GOBP_NUCLEOSIDE_BISPHOSPHATE_METABOLIC_PROCESS		116	0.09562291	1.2051157	0.23674242	0.38595483	1.0	2007	tags=20%, list=10%, signal=22%	
GOBP_NUCLEOBASE_BIOSYNTHETIC_PROCESS	GOBP_NUCLEOBASE_BIOSYNTHETIC_PROCESS		16	0.2491061	1.2036594	0.24356435	0.38679263	1.0	2452	tags=38%, list=13%, signal=43%	
GOBP_NEGATIVE_REGULATION_OF_LEUKOCYTE_MEDIATED_IMMUNITY	GOBP_NEGATIVE_REGULATION_OF_LEUKOCYTE_MEDIATED_IMMUNITY		31	0.18133572	1.202395	0.24158415	0.38743764	1.0	12165	tags=81%, list=63%, signal=215%	
GOBP_PYRIDINE_CONTAINING_COMPOUND_METABOLIC_PROCESS	GOBP_PYRIDINE_CONTAINING_COMPOUND_METABOLIC_PROCESS		36	0.16932757	1.2013559	0.23684211	0.3877749	1.0	12922	tags=83%, list=66%, signal=248%	
GOBP_NUCLEOTIDE_SUGAR_BIOSYNTHETIC_PROCESS	GOBP_NUCLEOTIDE_SUGAR_BIOSYNTHETIC_PROCESS		22	0.2102615	1.1991628	0.25686276	0.38960704	1.0	2103	tags=32%, list=11%, signal=36%	
GOBP_T_CELL_LINEAGE_COMMITMENT	GOBP_T_CELL_LINEAGE_COMMITMENT		20	0.22160502	1.1931044	0.23125	0.3968155	1.0	8337	tags=65%, list=43%, signal=114%	
GOBP_PROTEIN_NEDDYLATION	GOBP_PROTEIN_NEDDYLATION		17	0.24199787	1.1920519	0.24151696	0.39703542	1.0	1017	tags=29%, list=5%, signal=31%	
GOBP_PROTEIN_TETRAMERIZATION	GOBP_PROTEIN_TETRAMERIZATION		71	0.120046765	1.1872743	0.22222222	0.40256372	1.0	2604	tags=25%, list=13%, signal=29%	
GOBP_CIRCADIAN_SLEEP_WAKE_CYCLE	GOBP_CIRCADIAN_SLEEP_WAKE_CYCLE		17	0.2378576	1.183274	0.25510204	0.40709293	1.0	14829	tags=100%, list=76%, signal=420%	
GOBP_KILLING_OF_CELLS_OF_OTHER_ORGANISM	GOBP_KILLING_OF_CELLS_OF_OTHER_ORGANISM		25	0.19711548	1.1792948	0.23938224	0.41142437	1.0	6285	tags=52%, list=32%, signal=77%	
GOBP_REGULATION_OF_SYSTEMIC_ARTERIAL_BLOOD_PRESSURE	GOBP_REGULATION_OF_SYSTEMIC_ARTERIAL_BLOOD_PRESSURE		69	0.12217083	1.1787925	0.2413088	0.4109493	1.0	12573	tags=77%, list=65%, signal=216%	
GOBP_SKELETAL_MUSCLE_CONTRACTION	GOBP_SKELETAL_MUSCLE_CONTRACTION		38	0.16059884	1.1783745	0.24845996	0.4103928	1.0	9679	tags=66%, list=50%, signal=131%	
GOBP_DETECTION_OF_LIGHT_STIMULUS	GOBP_DETECTION_OF_LIGHT_STIMULUS		54	0.13619448	1.1739899	0.2358871	0.4154543	1.0	15369	tags=93%, list=79%, signal=440%	
GOBP_ACTIN_FILAMENT_SEVERING	GOBP_ACTIN_FILAMENT_SEVERING		16	0.2472025	1.1739144	0.26377952	0.41439047	1.0	2489	tags=38%, list=13%, signal=43%	
GOBP_DETECTION_OF_CHEMICAL_STIMULUS	GOBP_DETECTION_OF_CHEMICAL_STIMULUS		42	0.1553844	1.1724846	0.26526317	0.41525137	1.0	11341	tags=74%, list=58%, signal=177%	
GOBP_ARACHIDONIC_ACID_METABOLIC_PROCESS	GOBP_ARACHIDONIC_ACID_METABOLIC_PROCESS		33	0.17227635	1.1705424	0.25502008	0.41680765	1.0	11980	tags=79%, list=62%, signal=205%	
GOBP_REGULATION_OF_CILIUM_MOVEMENT	GOBP_REGULATION_OF_CILIUM_MOVEMENT		21	0.20826474	1.1681786	0.24223602	0.41893148	1.0	9847	tags=71%, list=51%, signal=144%	
GOBP_RESPIRATORY_CHAIN_COMPLEX_IV_ASSEMBLY	GOBP_RESPIRATORY_CHAIN_COMPLEX_IV_ASSEMBLY		22	0.2088322	1.1618139	0.264	0.42675668	1.0	3015	tags=36%, list=15%, signal=43%	
GOBP_STEROID_CATABOLIC_PROCESS	GOBP_STEROID_CATABOLIC_PROCESS		17	0.23403206	1.1574813	0.26968503	0.43196476	1.0	5749	tags=53%, list=30%, signal=75%	
GOBP_PYRIMIDINE_DEOXYRIBONUCLEOTIDE_METABOLIC_PROCESS	GOBP_PYRIMIDINE_DEOXYRIBONUCLEOTIDE_METABOLIC_PROCESS		21	0.21063197	1.1538422	0.2750533	0.43610483	1.0	4243	tags=43%, list=22%, signal=55%	
GOBP_RETINA_HOMEOSTASIS	GOBP_RETINA_HOMEOSTASIS		54	0.13103957	1.1471249	0.26977688	0.44486907	1.0	15469	tags=93%, list=80%, signal=451%	
GOBP_COBALAMIN_METABOLIC_PROCESS	GOBP_COBALAMIN_METABOLIC_PROCESS		15	0.24087186	1.1459771	0.28256512	0.44534388	1.0	4395	tags=47%, list=23%, signal=60%	
GOBP_EOSINOPHIL_MIGRATION	GOBP_EOSINOPHIL_MIGRATION		16	0.23399639	1.1449233	0.27272728	0.44570506	1.0	13688	tags=94%, list=70%, signal=316%	
GOBP_CHAPERONE_MEDIATED_AUTOPHAGY	GOBP_CHAPERONE_MEDIATED_AUTOPHAGY		16	0.23815726	1.1412835	0.26170212	0.45001677	1.0	1449	tags=31%, list=7%, signal=34%	
GOBP_REGULATION_OF_ACUTE_INFLAMMATORY_RESPONSE	GOBP_REGULATION_OF_ACUTE_INFLAMMATORY_RESPONSE		38	0.15660033	1.1402291	0.28512397	0.45035368	1.0	13852	tags=87%, list=71%, signal=301%	
GOBP_SUPEROXIDE_ANION_GENERATION	GOBP_SUPEROXIDE_ANION_GENERATION		26	0.18447565	1.1353067	0.2818004	0.4565964	1.0	15120	tags=96%, list=78%, signal=431%	
GOBP_MEMBRANE_RAFT_ORGANIZATION	GOBP_MEMBRANE_RAFT_ORGANIZATION		24	0.18826026	1.1282233	0.29457363	0.46619523	1.0	394	tags=21%, list=2%, signal=21%	
GOBP_CD4_POSITIVE_OR_CD8_POSITIVE_ALPHA_BETA_T_CELL_LINEAGE_COMMITMENT	GOBP_CD4_POSITIVE_OR_CD8_POSITIVE_ALPHA_BETA_T_CELL_LINEAGE_COMMITMENT		17	0.2208909	1.1264939	0.27237353	0.4674932	1.0	8293	tags=65%, list=43%, signal=113%	
GOBP_PYRIDINE_CONTAINING_COMPOUND_BIOSYNTHETIC_PROCESS	GOBP_PYRIDINE_CONTAINING_COMPOUND_BIOSYNTHETIC_PROCESS		30	0.17228375	1.1257981	0.3046092	0.4672759	1.0	13512	tags=87%, list=69%, signal=283%	
GOBP_CELLULAR_BIOGENIC_AMINE_METABOLIC_PROCESS	GOBP_CELLULAR_BIOGENIC_AMINE_METABOLIC_PROCESS		76	0.11101742	1.1234602	0.32346722	0.46958318	1.0	9622	tags=61%, list=49%, signal=119%	
GOBP_PHASIC_SMOOTH_MUSCLE_CONTRACTION	GOBP_PHASIC_SMOOTH_MUSCLE_CONTRACTION		18	0.22156475	1.1234497	0.2842742	0.46832454	1.0	10823	tags=78%, list=56%, signal=175%	
GOBP_UNSATURATED_FATTY_ACID_METABOLIC_PROCESS	GOBP_UNSATURATED_FATTY_ACID_METABOLIC_PROCESS		75	0.109343246	1.1229032	0.2857143	0.4678949	1.0	1252	tags=17%, list=6%, signal=18%	
GOBP_LEUKOCYTE_MEDIATED_CYTOTOXICITY	GOBP_LEUKOCYTE_MEDIATED_CYTOTOXICITY		66	0.11679418	1.1221508	0.29471543	0.4678174	1.0	15714	tags=92%, list=81%, signal=479%	
GOBP_TRANSMISSION_OF_NERVE_IMPULSE	GOBP_TRANSMISSION_OF_NERVE_IMPULSE		55	0.12900671	1.1156712	0.31790745	0.47656637	1.0	14120	tags=85%, list=73%, signal=311%	
GOBP_PLATELET_AGGREGATION	GOBP_PLATELET_AGGREGATION		53	0.12640731	1.1101142	0.31434184	0.48387697	1.0	483	tags=15%, list=2%, signal=15%	
GOBP_CELLULAR_MODIFIED_AMINO_ACID_CATABOLIC_PROCESS	GOBP_CELLULAR_MODIFIED_AMINO_ACID_CATABOLIC_PROCESS		24	0.19030622	1.1078038	0.306163	0.48621723	1.0	14944	tags=96%, list=77%, signal=413%	
GOBP_INTRACILIARY_TRANSPORT_INVOLVED_IN_CILIUM_ASSEMBLY	GOBP_INTRACILIARY_TRANSPORT_INVOLVED_IN_CILIUM_ASSEMBLY		38	0.15062012	1.1046176	0.30321285	0.4898766	1.0	1682	tags=24%, list=9%, signal=26%	
GOBP_NEGATIVE_REGULATION_OF_REACTIVE_OXYGEN_SPECIES_METABOLIC_PROCESS	GOBP_NEGATIVE_REGULATION_OF_REACTIVE_OXYGEN_SPECIES_METABOLIC_PROCESS		48	0.13643499	1.1033249	0.33540374	0.49060372	1.0	2620	tags=27%, list=13%, signal=31%	
GOBP_NUCLEOSIDE_MONOPHOSPHATE_METABOLIC_PROCESS	GOBP_NUCLEOSIDE_MONOPHOSPHATE_METABOLIC_PROCESS		67	0.11221823	1.1032135	0.31506848	0.48947784	1.0	1598	tags=19%, list=8%, signal=21%	
GOBP_RELAXATION_OF_MUSCLE	GOBP_RELAXATION_OF_MUSCLE		29	0.17007223	1.095262	0.33333334	0.5008985	1.0	8099	tags=59%, list=42%, signal=100%	
GOBP_LONG_CHAIN_FATTY_ACID_BIOSYNTHETIC_PROCESS	GOBP_LONG_CHAIN_FATTY_ACID_BIOSYNTHETIC_PROCESS		21	0.19929327	1.0901285	0.35573122	0.50792205	1.0	758	tags=24%, list=4%, signal=25%	
GOBP_POSITIVE_REGULATION_OF_MEIOTIC_CELL_CYCLE	GOBP_POSITIVE_REGULATION_OF_MEIOTIC_CELL_CYCLE		18	0.21619643	1.088029	0.34251967	0.5099639	1.0	4443	tags=44%, list=23%, signal=58%	
GOBP_NEGATIVE_REGULATION_OF_COAGULATION	GOBP_NEGATIVE_REGULATION_OF_COAGULATION		45	0.13591532	1.0792648	0.36381322	0.5229737	1.0	15085	tags=91%, list=78%, signal=405%	
GOBP_NEGATIVE_REGULATION_OF_CELL_CYCLE_ARREST	GOBP_NEGATIVE_REGULATION_OF_CELL_CYCLE_ARREST		18	0.21145414	1.0782462	0.35437882	0.52328646	1.0	1293	tags=28%, list=7%, signal=30%	
GOBP_POSITIVE_REGULATION_OF_NATURAL_KILLER_CELL_MEDIATED_CYTOTOXICITY	GOBP_POSITIVE_REGULATION_OF_NATURAL_KILLER_CELL_MEDIATED_CYTOTOXICITY		16	0.22241731	1.0770034	0.36016098	0.5239318	1.0	7834	tags=63%, list=40%, signal=105%	
GOBP_ASPARTATE_FAMILY_AMINO_ACID_BIOSYNTHETIC_PROCESS	GOBP_ASPARTATE_FAMILY_AMINO_ACID_BIOSYNTHETIC_PROCESS		20	0.20044513	1.0762572	0.34577602	0.52382195	1.0	967	tags=25%, list=5%, signal=26%	
GOBP_T_CELL_SELECTION	GOBP_T_CELL_SELECTION		40	0.14236724	1.0747819	0.35249043	0.52485657	1.0	10366	tags=68%, list=53%, signal=144%	
GOBP_GLUCOSE_6_PHOSPHATE_METABOLIC_PROCESS	GOBP_GLUCOSE_6_PHOSPHATE_METABOLIC_PROCESS		19	0.20675376	1.0734456	0.3442623	0.5256574	1.0	2124	tags=32%, list=11%, signal=35%	
GOBP_CELL_REDOX_HOMEOSTASIS	GOBP_CELL_REDOX_HOMEOSTASIS		37	0.14483179	1.0717348	0.3352381	0.5271439	1.0	1393	tags=22%, list=7%, signal=23%	
GOBP_T_HELPER_1_TYPE_IMMUNE_RESPONSE	GOBP_T_HELPER_1_TYPE_IMMUNE_RESPONSE		32	0.15843354	1.0681003	0.34607646	0.53168994	1.0	10296	tags=69%, list=53%, signal=146%	
GOBP_NEGATIVE_REGULATION_OF_INFLAMMATORY_RESPONSE	GOBP_NEGATIVE_REGULATION_OF_INFLAMMATORY_RESPONSE		104	0.088179395	1.0674517	0.35515872	0.5313394	1.0	14566	tags=84%, list=75%, signal=331%	
GOBP_NEGATIVE_REGULATION_OF_OXIDOREDUCTASE_ACTIVITY	GOBP_NEGATIVE_REGULATION_OF_OXIDOREDUCTASE_ACTIVITY		20	0.19520919	1.0646784	0.366	0.534501	1.0	5932	tags=50%, list=30%, signal=72%	
GOBP_EXCRETION	GOBP_EXCRETION		42	0.14098535	1.0626373	0.37295082	0.536533	1.0	10231	tags=67%, list=53%, signal=140%	
GOBP_BILE_ACID_AND_BILE_SALT_TRANSPORT	GOBP_BILE_ACID_AND_BILE_SALT_TRANSPORT		21	0.19339237	1.0607983	0.36641222	0.5381098	1.0	10136	tags=71%, list=52%, signal=149%	
GOBP_NEGATIVE_REGULATION_OF_GLYCOPROTEIN_METABOLIC_PROCESS	GOBP_NEGATIVE_REGULATION_OF_GLYCOPROTEIN_METABOLIC_PROCESS		15	0.22242345	1.0537301	0.360587	0.54866636	1.0	863	tags=27%, list=4%, signal=28%	
GOBP_NADP_METABOLIC_PROCESS	GOBP_NADP_METABOLIC_PROCESS		30	0.1617687	1.0527531	0.3767821	0.5488779	1.0	1396	tags=23%, list=7%, signal=25%	
GOBP_PYRIMIDINE_NUCLEOTIDE_CATABOLIC_PROCESS	GOBP_PYRIMIDINE_NUCLEOTIDE_CATABOLIC_PROCESS		17	0.20860623	1.0521289	0.36978132	0.54854035	1.0	1666	tags=29%, list=9%, signal=32%	
GOBP_RENAL_ABSORPTION	GOBP_RENAL_ABSORPTION		15	0.22364102	1.0451671	0.37130803	0.5587997	1.0	13808	tags=93%, list=71%, signal=321%	
GOBP_RESPONSE_TO_ETHANOL	GOBP_RESPONSE_TO_ETHANOL		101	0.088118404	1.0412601	0.3919694	0.56380373	1.0	1568	tags=17%, list=8%, signal=18%	
GOBP_NUCLEOBASE_CONTAINING_SMALL_MOLECULE_CATABOLIC_PROCESS	GOBP_NUCLEOBASE_CONTAINING_SMALL_MOLECULE_CATABOLIC_PROCESS		35	0.1481203	1.036499	0.37903225	0.5703536	1.0	13241	tags=83%, list=68%, signal=259%	
GOBP_TETRAPYRROLE_BIOSYNTHETIC_PROCESS	GOBP_TETRAPYRROLE_BIOSYNTHETIC_PROCESS		26	0.1696687	1.036035	0.37181997	0.5697422	1.0	1192	tags=23%, list=6%, signal=25%	
GOBP_DOPAMINE_TRANSPORT	GOBP_DOPAMINE_TRANSPORT		38	0.14297141	1.0352122	0.40076336	0.5697067	1.0	11557	tags=74%, list=59%, signal=181%	
GOBP_SLEEP	GOBP_SLEEP		21	0.19023608	1.0349574	0.38045737	0.56871295	1.0	14829	tags=95%, list=76%, signal=400%	
GOBP_INTRACILIARY_TRANSPORT	GOBP_INTRACILIARY_TRANSPORT		47	0.1265555	1.0325509	0.40618956	0.5714704	1.0	1682	tags=21%, list=9%, signal=23%	
GOBP_DETECTION_OF_ABIOTIC_STIMULUS	GOBP_DETECTION_OF_ABIOTIC_STIMULUS		110	0.08284603	1.0317718	0.4	0.5713372	1.0	10422	tags=62%, list=54%, signal=132%	
GOBP_REGULATION_OF_SYSTEMIC_ARTERIAL_BLOOD_PRESSURE_BY_HORMONE	GOBP_REGULATION_OF_SYSTEMIC_ARTERIAL_BLOOD_PRESSURE_BY_HORMONE		26	0.17349567	1.0315973	0.39156628	0.5701994	1.0	6355	tags=50%, list=33%, signal=74%	
GOBP_PLASMA_MEMBRANE_PHOSPHOLIPID_SCRAMBLING	GOBP_PLASMA_MEMBRANE_PHOSPHOLIPID_SCRAMBLING		16	0.21948798	1.0312905	0.39039665	0.56932825	1.0	13970	tags=94%, list=72%, signal=332%	
GOBP_CHLORIDE_TRANSPORT	GOBP_CHLORIDE_TRANSPORT		77	0.102272704	1.0301185	0.39489195	0.5699064	1.0	14944	tags=87%, list=77%, signal=374%	
GOBP_PORPHYRIN_CONTAINING_COMPOUND_METABOLIC_PROCESS	GOBP_PORPHYRIN_CONTAINING_COMPOUND_METABOLIC_PROCESS		34	0.14842044	1.0279256	0.40535372	0.57217216	1.0	1694	tags=24%, list=9%, signal=26%	
GOBP_REGULATION_OF_CELL_KILLING	GOBP_REGULATION_OF_CELL_KILLING		55	0.11400892	1.0233974	0.38554215	0.5785379	1.0	15472	tags=91%, list=80%, signal=443%	
GOBP_REGULATION_OF_ODONTOGENESIS	GOBP_REGULATION_OF_ODONTOGENESIS		15	0.22045825	1.018914	0.41439688	0.58453226	1.0	12573	tags=87%, list=65%, signal=245%	
GOBP_MONOCYTE_CHEMOTACTIC_PROTEIN_1_PRODUCTION	GOBP_MONOCYTE_CHEMOTACTIC_PROTEIN_1_PRODUCTION		16	0.21050383	1.018911	0.4082474	0.5831083	1.0	11713	tags=81%, list=60%, signal=204%	
GOBP_ACID_SECRETION	GOBP_ACID_SECRETION		27	0.16231589	1.0145749	0.43061224	0.5889038	1.0	10535	tags=70%, list=54%, signal=153%	
GOBP_MODULATION_BY_HOST_OF_VIRAL_PROCESS	GOBP_MODULATION_BY_HOST_OF_VIRAL_PROCESS		24	0.16955325	1.0108395	0.4235977	0.5939137	1.0	1568	tags=25%, list=8%, signal=27%	
GOBP_SUBSTANTIA_NIGRA_DEVELOPMENT	GOBP_SUBSTANTIA_NIGRA_DEVELOPMENT		35	0.14529818	1.0103527	0.42105263	0.59333324	1.0	1624	tags=23%, list=8%, signal=25%	
GOBP_PHOSPHATIDYLSERINE_ACYL_CHAIN_REMODELING	GOBP_PHOSPHATIDYLSERINE_ACYL_CHAIN_REMODELING		20	0.18904957	1.0090674	0.43052837	0.59403765	1.0	7997	tags=60%, list=41%, signal=102%	
GOBP_PROTEIN_CONTAINING_COMPLEX_REMODELING	GOBP_PROTEIN_CONTAINING_COMPLEX_REMODELING		26	0.16877782	1.0062732	0.44216418	0.5973785	1.0	11684	tags=77%, list=60%, signal=192%	
GOBP_EXTRACELLULAR_TRANSPORT	GOBP_EXTRACELLULAR_TRANSPORT		26	0.1665446	1.0060672	0.43813387	0.5962994	1.0	10231	tags=69%, list=53%, signal=146%	
GOBP_PROSTAGLANDIN_TRANSPORT	GOBP_PROSTAGLANDIN_TRANSPORT		15	0.22139113	1.0046272	0.4360587	0.59739727	1.0	11258	tags=80%, list=58%, signal=190%	
GOBP_REGULATION_OF_LIPOPROTEIN_LIPASE_ACTIVITY	GOBP_REGULATION_OF_LIPOPROTEIN_LIPASE_ACTIVITY		19	0.19378407	1.00073	0.43195266	0.60258955	1.0	15686	tags=100%, list=81%, signal=516%	
GOBP_RESPONSE_TO_PAIN	GOBP_RESPONSE_TO_PAIN		19	0.19075358	0.9930612	0.4547244	0.6146217	1.0	8578	tags=63%, list=44%, signal=113%	
GOBP_FATTY_ACID_BIOSYNTHETIC_PROCESS	GOBP_FATTY_ACID_BIOSYNTHETIC_PROCESS		129	0.075386435	0.99300843	0.4448743	0.6132551	1.0	1709	tags=16%, list=9%, signal=18%	
GOBP_ATP_BIOSYNTHETIC_PROCESS	GOBP_ATP_BIOSYNTHETIC_PROCESS		30	0.15525238	0.99276346	0.44360903	0.612246	1.0	2171	tags=27%, list=11%, signal=30%	
GOBP_MODULATION_BY_SYMBIONT_OF_ENTRY_INTO_HOST	GOBP_MODULATION_BY_SYMBIONT_OF_ENTRY_INTO_HOST		35	0.14022042	0.99086624	0.44580778	0.61401546	1.0	611	tags=17%, list=3%, signal=18%	
GOBP_CELLULAR_HORMONE_METABOLIC_PROCESS	GOBP_CELLULAR_HORMONE_METABOLIC_PROCESS		83	0.09338684	0.98232657	0.44111776	0.62731713	1.0	13190	tags=77%, list=68%, signal=238%	
GOBP_RESPONSE_TO_ATP	GOBP_RESPONSE_TO_ATP		25	0.16167797	0.97838247	0.44959676	0.6327845	1.0	3861	tags=36%, list=20%, signal=45%	
GOBP_POSITIVE_REGULATION_OF_CYTOKINE_PRODUCTION_INVOLVED_IN_INFLAMMATORY_RESPONSE	GOBP_POSITIVE_REGULATION_OF_CYTOKINE_PRODUCTION_INVOLVED_IN_INFLAMMATORY_RESPONSE		19	0.18650167	0.97744703	0.4764595	0.6329297	1.0	12756	tags=84%, list=66%, signal=244%	
GOBP_REGULATION_OF_SYSTEMIC_ARTERIAL_BLOOD_PRESSURE_MEDIATED_BY_A_CHEMICAL_SIGNAL	GOBP_REGULATION_OF_SYSTEMIC_ARTERIAL_BLOOD_PRESSURE_MEDIATED_BY_A_CHEMICAL_SIGNAL		35	0.13771759	0.9764796	0.48221344	0.633153	1.0	7885	tags=54%, list=41%, signal=91%	
GOBP_COLLAGEN_METABOLIC_PROCESS	GOBP_COLLAGEN_METABOLIC_PROCESS		91	0.0873162	0.97532046	0.45702305	0.6337131	1.0	16265	tags=92%, list=84%, signal=561%	
GOBP_REGULATION_OF_INTRINSIC_APOPTOTIC_SIGNALING_PATHWAY_IN_RESPONSE_TO_DNA_DAMAGE_BY_P53_CLASS_MEDIATOR	GOBP_REGULATION_OF_INTRINSIC_APOPTOTIC_SIGNALING_PATHWAY_IN_RESPONSE_TO_DNA_DAMAGE_BY_P53_CLASS_MEDIATOR		15	0.21033372	0.97497565	0.4485437	0.6328158	1.0	1098	tags=27%, list=6%, signal=28%	
GOBP_POSITIVE_REGULATION_OF_CELL_KILLING	GOBP_POSITIVE_REGULATION_OF_CELL_KILLING		33	0.14423434	0.97448266	0.49304175	0.6322017	1.0	15472	tags=94%, list=80%, signal=458%	
GOBP_MACROPHAGE_MIGRATION	GOBP_MACROPHAGE_MIGRATION		43	0.1284821	0.9697348	0.47240618	0.6390132	1.0	13339	tags=81%, list=69%, signal=258%	
GOBP_VITAMIN_TRANSPORT	GOBP_VITAMIN_TRANSPORT		32	0.14421247	0.96852666	0.47161573	0.6395901	1.0	11788	tags=75%, list=61%, signal=190%	
GOBP_LEUKOCYTE_MIGRATION_INVOLVED_IN_INFLAMMATORY_RESPONSE	GOBP_LEUKOCYTE_MIGRATION_INVOLVED_IN_INFLAMMATORY_RESPONSE		18	0.19081838	0.9684518	0.49312377	0.63821447	1.0	13582	tags=89%, list=70%, signal=294%	
GOBP_ISOPRENOID_METABOLIC_PROCESS	GOBP_ISOPRENOID_METABOLIC_PROCESS		95	0.08229213	0.96476114	0.49369746	0.64317423	1.0	15197	tags=86%, list=78%, signal=393%	
GOBP_DETECTION_OF_STIMULUS_INVOLVED_IN_SENSORY_PERCEPTION_OF_PAIN	GOBP_DETECTION_OF_STIMULUS_INVOLVED_IN_SENSORY_PERCEPTION_OF_PAIN		22	0.17295234	0.9622779	0.48240167	0.64601946	1.0	10786	tags=73%, list=55%, signal=163%	
GOBP_POSITIVE_REGULATION_OF_VASOCONSTRICTION	GOBP_POSITIVE_REGULATION_OF_VASOCONSTRICTION		22	0.17015691	0.9606955	0.499002	0.64733595	1.0	13493	tags=86%, list=69%, signal=282%	
GOBP_REGULATION_OF_URINE_VOLUME	GOBP_REGULATION_OF_URINE_VOLUME		17	0.19378534	0.95639116	0.51552796	0.6534271	1.0	13397	tags=88%, list=69%, signal=283%	
GOBP_REGULATION_OF_NUCLEOTIDE_BIOSYNTHETIC_PROCESS	GOBP_REGULATION_OF_NUCLEOTIDE_BIOSYNTHETIC_PROCESS		32	0.13990977	0.9550934	0.509542	0.65424865	1.0	15519	tags=94%, list=80%, signal=463%	
GOBP_BICARBONATE_TRANSPORT	GOBP_BICARBONATE_TRANSPORT		24	0.16189508	0.9547273	0.50094515	0.65335923	1.0	15496	tags=96%, list=80%, signal=471%	
GOBP_PYRIMIDINE_NUCLEOSIDE_MONOPHOSPHATE_METABOLIC_PROCESS	GOBP_PYRIMIDINE_NUCLEOSIDE_MONOPHOSPHATE_METABOLIC_PROCESS		17	0.19376718	0.95187426	0.482	0.65685695	1.0	4243	tags=41%, list=22%, signal=53%	
GOBP_VITAMIN_BIOSYNTHETIC_PROCESS	GOBP_VITAMIN_BIOSYNTHETIC_PROCESS		17	0.19531071	0.9517622	0.5105162	0.65557116	1.0	4213	tags=41%, list=22%, signal=53%	
GOBP_LONG_CHAIN_FATTY_ACID_METABOLIC_PROCESS	GOBP_LONG_CHAIN_FATTY_ACID_METABOLIC_PROCESS		81	0.091281675	0.95038134	0.5337423	0.6565135	1.0	12160	tags=72%, list=63%, signal=190%	
GOBP_ADAPTATION_OF_SIGNALING_PATHWAY	GOBP_ADAPTATION_OF_SIGNALING_PATHWAY		19	0.17807098	0.9490865	0.49278352	0.6572812	1.0	11896	tags=79%, list=61%, signal=203%	
GOBP_COLLAGEN_BIOSYNTHETIC_PROCESS	GOBP_COLLAGEN_BIOSYNTHETIC_PROCESS		41	0.12738034	0.9454552	0.49429658	0.66222733	1.0	1322	tags=20%, list=7%, signal=21%	
GOBP_T_HELPER_1_CELL_DIFFERENTIATION	GOBP_T_HELPER_1_CELL_DIFFERENTIATION		15	0.2041637	0.9402637	0.52412283	0.66977024	1.0	10296	tags=73%, list=53%, signal=156%	
GOBP_NUCLEOBASE_CONTAINING_SMALL_MOLECULE_INTERCONVERSION	GOBP_NUCLEOBASE_CONTAINING_SMALL_MOLECULE_INTERCONVERSION		26	0.15124075	0.939911	0.4969574	0.6688732	1.0	1550	tags=23%, list=8%, signal=25%	
GOBP_RESPIRATORY_BURST	GOBP_RESPIRATORY_BURST		28	0.15012872	0.9381934	0.528827	0.67036206	1.0	10283	tags=68%, list=53%, signal=144%	
GOBP_CARDIOLIPIN_METABOLIC_PROCESS	GOBP_CARDIOLIPIN_METABOLIC_PROCESS		17	0.18682736	0.9379682	0.51966876	0.6692658	1.0	945	tags=24%, list=5%, signal=25%	
GOBP_RESPONSE_TO_INTERLEUKIN_4	GOBP_RESPONSE_TO_INTERLEUKIN_4		32	0.14099109	0.9373425	0.49598393	0.668897	1.0	15498	tags=94%, list=80%, signal=460%	
GOBP_COCHLEA_MORPHOGENESIS	GOBP_COCHLEA_MORPHOGENESIS		18	0.18394648	0.93707174	0.49616858	0.667863	1.0	15877	tags=100%, list=82%, signal=543%	
GOBP_TOLERANCE_INDUCTION	GOBP_TOLERANCE_INDUCTION		20	0.17313078	0.9312769	0.54244304	0.6766728	1.0	9279	tags=65%, list=48%, signal=124%	
GOBP_REGULATION_OF_OXIDATIVE_PHOSPHORYLATION	GOBP_REGULATION_OF_OXIDATIVE_PHOSPHORYLATION		22	0.16936858	0.9253904	0.5344468	0.6854211	1.0	16161	tags=100%, list=83%, signal=590%	
GOBP_SULFUR_AMINO_ACID_METABOLIC_PROCESS	GOBP_SULFUR_AMINO_ACID_METABOLIC_PROCESS		35	0.13086827	0.9216954	0.54527164	0.69041395	1.0	5239	tags=40%, list=27%, signal=55%	
GOBP_TERPENOID_METABOLIC_PROCESS	GOBP_TERPENOID_METABOLIC_PROCESS		77	0.089215316	0.92159915	0.5544148	0.68905014	1.0	15197	tags=87%, list=78%, signal=396%	
GOBP_ACETYL_COA_BIOSYNTHETIC_PROCESS	GOBP_ACETYL_COA_BIOSYNTHETIC_PROCESS		21	0.16671814	0.9188953	0.5608782	0.69227105	1.0	1391	tags=24%, list=7%, signal=26%	
GOBP_REGULATION_OF_NATURAL_KILLER_CELL_MEDIATED_IMMUNITY	GOBP_REGULATION_OF_NATURAL_KILLER_CELL_MEDIATED_IMMUNITY		24	0.15711482	0.9168758	0.54296875	0.69433075	1.0	8294	tags=58%, list=43%, signal=102%	
GOBP_SENSORY_PERCEPTION_OF_SMELL	GOBP_SENSORY_PERCEPTION_OF_SMELL		17	0.18870683	0.91470486	0.57051283	0.6966297	1.0	14640	tags=94%, list=75%, signal=380%	
GOBP_PURINE_CONTAINING_COMPOUND_CATABOLIC_PROCESS	GOBP_PURINE_CONTAINING_COMPOUND_CATABOLIC_PROCESS		45	0.11162751	0.9115588	0.5659229	0.7005403	1.0	3020	tags=27%, list=16%, signal=31%	
GOBP_AORTIC_VALVE_MORPHOGENESIS	GOBP_AORTIC_VALVE_MORPHOGENESIS		31	0.13602628	0.90915376	0.552	0.7032066	1.0	13045	tags=81%, list=67%, signal=244%	
GOBP_NEGATIVE_REGULATION_OF_LIPID_CATABOLIC_PROCESS	GOBP_NEGATIVE_REGULATION_OF_LIPID_CATABOLIC_PROCESS		23	0.15546335	0.9075202	0.56751466	0.7045189	1.0	13894	tags=87%, list=71%, signal=304%	
GOBP_LIPOSACCHARIDE_METABOLIC_PROCESS	GOBP_LIPOSACCHARIDE_METABOLIC_PROCESS		99	0.08047508	0.9067801	0.5743381	0.70426613	1.0	17305	tags=97%, list=89%, signal=874%	
GOBP_SUPEROXIDE_METABOLIC_PROCESS	GOBP_SUPEROXIDE_METABOLIC_PROCESS		53	0.10336413	0.9064446	0.5838384	0.70333993	1.0	563	tags=13%, list=3%, signal=14%	
GOBP_PTERIDINE_CONTAINING_COMPOUND_METABOLIC_PROCESS	GOBP_PTERIDINE_CONTAINING_COMPOUND_METABOLIC_PROCESS		30	0.13972612	0.9058294	0.5877712	0.70285887	1.0	3121	tags=30%, list=16%, signal=36%	
GOBP_GLUTAMATE_METABOLIC_PROCESS	GOBP_GLUTAMATE_METABOLIC_PROCESS		28	0.14168599	0.9045759	0.55172414	0.70353925	1.0	4889	tags=39%, list=25%, signal=52%	
GOBP_SIGNAL_TRANSDUCTION_INVOLVED_IN_REGULATION_OF_GENE_EXPRESSION	GOBP_SIGNAL_TRANSDUCTION_INVOLVED_IN_REGULATION_OF_GENE_EXPRESSION		15	0.19214599	0.90337867	0.593361	0.7040947	1.0	6639	tags=53%, list=34%, signal=81%	
GOBP_SULFATE_TRANSPORT	GOBP_SULFATE_TRANSPORT		15	0.19285938	0.90299034	0.5716981	0.7032628	1.0	7922	tags=60%, list=41%, signal=101%	
GOBP_B_CELL_MEDIATED_IMMUNITY	GOBP_B_CELL_MEDIATED_IMMUNITY		89	0.08252254	0.9006476	0.5597484	0.70586276	1.0	13264	tags=76%, list=68%, signal=239%	
GOBP_DETECTION_OF_BIOTIC_STIMULUS	GOBP_DETECTION_OF_BIOTIC_STIMULUS		24	0.15350126	0.89751446	0.56991524	0.7097432	1.0	14038	tags=88%, list=72%, signal=314%	
GOBP_SERINE_FAMILY_AMINO_ACID_BIOSYNTHETIC_PROCESS	GOBP_SERINE_FAMILY_AMINO_ACID_BIOSYNTHETIC_PROCESS		16	0.18655464	0.88795763	0.58185405	0.72485787	1.0	2452	tags=31%, list=13%, signal=36%	
GOBP_NEGATIVE_REGULATION_OF_RESPONSE_TO_OXIDATIVE_STRESS	GOBP_NEGATIVE_REGULATION_OF_RESPONSE_TO_OXIDATIVE_STRESS		17	0.18262352	0.886523	0.5945946	0.7257712	1.0	2171	tags=29%, list=11%, signal=33%	
GOBP_POSITIVE_REGULATION_OF_BLOOD_PRESSURE	GOBP_POSITIVE_REGULATION_OF_BLOOD_PRESSURE		24	0.14972252	0.88603294	0.6255319	0.7250776	1.0	6006	tags=46%, list=31%, signal=66%	
GOBP_FEMALE_GENITALIA_DEVELOPMENT	GOBP_FEMALE_GENITALIA_DEVELOPMENT		15	0.18866141	0.88357705	0.6029106	0.7278031	1.0	4113	tags=40%, list=21%, signal=51%	
GOBP_NEGATIVE_REGULATION_OF_REACTIVE_OXYGEN_SPECIES_BIOSYNTHETIC_PROCESS	GOBP_NEGATIVE_REGULATION_OF_REACTIVE_OXYGEN_SPECIES_BIOSYNTHETIC_PROCESS		24	0.15204935	0.8750813	0.5881188	0.7410545	1.0	287	tags=17%, list=1%, signal=17%	
GOBP_DIACYLGLYCEROL_METABOLIC_PROCESS	GOBP_DIACYLGLYCEROL_METABOLIC_PROCESS		25	0.14848462	0.87444353	0.6023622	0.74055195	1.0	15011	tags=92%, list=77%, signal=402%	
GOBP_PHENOL_CONTAINING_COMPOUND_METABOLIC_PROCESS	GOBP_PHENOL_CONTAINING_COMPOUND_METABOLIC_PROCESS		74	0.08775873	0.8742011	0.62425447	0.7394312	1.0	11968	tags=70%, list=62%, signal=182%	
GOBP_T_CELL_MEDIATED_IMMUNITY	GOBP_T_CELL_MEDIATED_IMMUNITY		64	0.090989076	0.8692887	0.58979595	0.74648577	1.0	16472	tags=94%, list=85%, signal=610%	
GOBP_CELLULAR_CARBOHYDRATE_CATABOLIC_PROCESS	GOBP_CELLULAR_CARBOHYDRATE_CATABOLIC_PROCESS		36	0.12275469	0.8678565	0.6	0.74733496	1.0	1398	tags=19%, list=7%, signal=21%	
GOBP_EXTRACELLULAR_MATRIX_DISASSEMBLY	GOBP_EXTRACELLULAR_MATRIX_DISASSEMBLY		64	0.092187405	0.86607224	0.6040404	0.7488541	1.0	14929	tags=86%, list=77%, signal=368%	
GOBP_NITRIC_OXIDE_MEDIATED_SIGNAL_TRANSDUCTION	GOBP_NITRIC_OXIDE_MEDIATED_SIGNAL_TRANSDUCTION		19	0.159368	0.85800356	0.6293436	0.76119995	1.0	15331	tags=95%, list=79%, signal=447%	
GOBP_ALCOHOL_CATABOLIC_PROCESS	GOBP_ALCOHOL_CATABOLIC_PROCESS		40	0.1146268	0.85567015	0.6348548	0.76359695	1.0	2637	tags=25%, list=14%, signal=29%	
GOBP_PREASSEMBLY_OF_GPI_ANCHOR_IN_ER_MEMBRANE	GOBP_PREASSEMBLY_OF_GPI_ANCHOR_IN_ER_MEMBRANE		15	0.18207295	0.85355276	0.64807695	0.76565397	1.0	14616	tags=93%, list=75%, signal=375%	
GOBP_PEPTIDYL_ARGININE_METHYLATION	GOBP_PEPTIDYL_ARGININE_METHYLATION		15	0.17705527	0.84706074	0.63457763	0.77511907	1.0	448	tags=20%, list=2%, signal=20%	
GOBP_C21_STEROID_HORMONE_METABOLIC_PROCESS	GOBP_C21_STEROID_HORMONE_METABOLIC_PROCESS		27	0.13255624	0.8461757	0.6376812	0.775037	1.0	15436	tags=93%, list=79%, signal=448%	
GOBP_REGULATION_OF_MACROPHAGE_MIGRATION	GOBP_REGULATION_OF_MACROPHAGE_MIGRATION		32	0.12695344	0.84606594	0.65426695	0.77362424	1.0	13339	tags=81%, list=69%, signal=258%	
GOBP_NEGATIVE_REGULATION_OF_LYASE_ACTIVITY	GOBP_NEGATIVE_REGULATION_OF_LYASE_ACTIVITY		17	0.17185211	0.84392124	0.66138613	0.77566314	1.0	12679	tags=82%, list=65%, signal=236%	
GOBP_MACROPHAGE_CHEMOTAXIS	GOBP_MACROPHAGE_CHEMOTAXIS		31	0.12727332	0.84350723	0.639413	0.7747879	1.0	13215	tags=81%, list=68%, signal=251%	
GOBP_NONRIBOSOMAL_PEPTIDE_BIOSYNTHETIC_PROCESS	GOBP_NONRIBOSOMAL_PEPTIDE_BIOSYNTHETIC_PROCESS		18	0.16562043	0.8418734	0.6744639	0.77593637	1.0	12991	tags=83%, list=67%, signal=251%	
GOBP_MACROPHAGE_ACTIVATION_INVOLVED_IN_IMMUNE_RESPONSE	GOBP_MACROPHAGE_ACTIVATION_INVOLVED_IN_IMMUNE_RESPONSE		16	0.17459935	0.84002703	0.68869936	0.77746946	1.0	5116	tags=44%, list=26%, signal=59%	
GOBP_REGULATION_OF_RENAL_SYSTEM_PROCESS	GOBP_REGULATION_OF_RENAL_SYSTEM_PROCESS		24	0.14546773	0.83418036	0.6728395	0.78579587	1.0	12573	tags=79%, list=65%, signal=224%	
GOBP_POSITIVE_T_CELL_SELECTION	GOBP_POSITIVE_T_CELL_SELECTION		29	0.13017313	0.83074206	0.6894531	0.78998965	1.0	8874	tags=59%, list=46%, signal=108%	
GOBP_MOTILE_CILIUM_ASSEMBLY	GOBP_MOTILE_CILIUM_ASSEMBLY		19	0.16109855	0.8293578	0.70186335	0.79065883	1.0	11202	tags=74%, list=58%, signal=174%	
GOBP_STEROID_HORMONE_BIOSYNTHETIC_PROCESS	GOBP_STEROID_HORMONE_BIOSYNTHETIC_PROCESS		35	0.11948708	0.8269546	0.6419753	0.7930314	1.0	16576	tags=97%, list=85%, signal=656%	
GOBP_PYRIMIDINE_NUCLEOSIDE_METABOLIC_PROCESS	GOBP_PYRIMIDINE_NUCLEOSIDE_METABOLIC_PROCESS		24	0.14297573	0.8246431	0.65352696	0.7952456	1.0	4516	tags=38%, list=23%, signal=49%	
GOBP_PROSTANOID_BIOSYNTHETIC_PROCESS	GOBP_PROSTANOID_BIOSYNTHETIC_PROCESS		26	0.13445997	0.8207434	0.68577075	0.8001137	1.0	1876	tags=23%, list=10%, signal=26%	
GOBP_NEGATIVE_REGULATION_OF_PLATELET_ACTIVATION	GOBP_NEGATIVE_REGULATION_OF_PLATELET_ACTIVATION		17	0.16581118	0.8180395	0.6910569	0.8029908	1.0	15085	tags=94%, list=78%, signal=419%	
GOBP_POSITIVE_REGULATION_OF_MITOCHONDRIAL_TRANSLATION	GOBP_POSITIVE_REGULATION_OF_MITOCHONDRIAL_TRANSLATION		16	0.17309129	0.81737614	0.7109827	0.802451	1.0	13656	tags=88%, list=70%, signal=293%	
GOBP_PLATELET_DEGRANULATION	GOBP_PLATELET_DEGRANULATION		111	0.066566624	0.81692374	0.69292927	0.80160743	1.0	1165	tags=13%, list=6%, signal=13%	
GOBP_DNA_CATABOLIC_PROCESS	GOBP_DNA_CATABOLIC_PROCESS		34	0.1161764	0.8131857	0.69574034	0.8061542	1.0	1748	tags=21%, list=9%, signal=23%	
GOBP_AMINOGLYCAN_CATABOLIC_PROCESS	GOBP_AMINOGLYCAN_CATABOLIC_PROCESS		51	0.09698717	0.81136763	0.70385396	0.80755144	1.0	2313	tags=22%, list=12%, signal=24%	
GOBP_POLYAMINE_METABOLIC_PROCESS	GOBP_POLYAMINE_METABOLIC_PROCESS		17	0.16173445	0.8103211	0.7021696	0.80766803	1.0	2577	tags=29%, list=13%, signal=34%	
GOBP_ESTROGEN_METABOLIC_PROCESS	GOBP_ESTROGEN_METABOLIC_PROCESS		18	0.16166423	0.80516505	0.7076023	0.8144411	1.0	8745	tags=61%, list=45%, signal=111%	
GOBP_NEGATIVE_REGULATION_OF_TISSUE_REMODELING	GOBP_NEGATIVE_REGULATION_OF_TISSUE_REMODELING		20	0.15158239	0.8032506	0.71179885	0.8158033	1.0	14561	tags=90%, list=75%, signal=358%	
GOBP_DRUG_METABOLIC_PROCESS	GOBP_DRUG_METABOLIC_PROCESS		21	0.1474544	0.80246025	0.71881187	0.8154463	1.0	11955	tags=76%, list=61%, signal=197%	
GOBP_CALCIUM_ION_IMPORT_INTO_CYTOSOL	GOBP_CALCIUM_ION_IMPORT_INTO_CYTOSOL		17	0.16043606	0.79675734	0.68944097	0.823017	1.0	9468	tags=65%, list=49%, signal=126%	
GOBP_CELLULAR_RESPONSE_TO_FATTY_ACID	GOBP_CELLULAR_RESPONSE_TO_FATTY_ACID		30	0.12133557	0.7964414	0.71005917	0.82189494	1.0	15150	tags=90%, list=78%, signal=406%	
GOBP_REGULATION_OF_COAGULATION	GOBP_REGULATION_OF_COAGULATION		64	0.08414161	0.79394174	0.7281746	0.82426816	1.0	15085	tags=86%, list=78%, signal=381%	
GOBP_ACETYL_COA_METABOLIC_PROCESS	GOBP_ACETYL_COA_METABOLIC_PROCESS		36	0.10978066	0.78882164	0.73306775	0.8308182	1.0	3271	tags=28%, list=17%, signal=33%	
GOBP_POSITIVE_REGULATION_OF_SMOOTH_MUSCLE_CONTRACTION	GOBP_POSITIVE_REGULATION_OF_SMOOTH_MUSCLE_CONTRACTION		21	0.13970084	0.7886378	0.7145749	0.8294521	1.0	4695	tags=38%, list=24%, signal=50%	
GOBP_REGULATION_OF_LIPOPROTEIN_PARTICLE_CLEARANCE	GOBP_REGULATION_OF_LIPOPROTEIN_PARTICLE_CLEARANCE		16	0.16125174	0.7882912	0.74472576	0.82838726	1.0	1728	tags=25%, list=9%, signal=27%	
GOBP_COLLAGEN_FIBRIL_ORGANIZATION	GOBP_COLLAGEN_FIBRIL_ORGANIZATION		52	0.09250121	0.7872233	0.7401575	0.82846606	1.0	16161	tags=92%, list=83%, signal=544%	
GOBP_REGULATION_OF_DIGESTIVE_SYSTEM_PROCESS	GOBP_REGULATION_OF_DIGESTIVE_SYSTEM_PROCESS		25	0.12839198	0.7851611	0.73477405	0.8300005	1.0	13067	tags=80%, list=67%, signal=243%	
GOBP_CELL_DIFFERENTIATION_IN_SPINAL_CORD	GOBP_CELL_DIFFERENTIATION_IN_SPINAL_CORD		36	0.1054517	0.7851539	0.7166324	0.82838506	1.0	15243	tags=89%, list=78%, signal=410%	
GOBP_CATECHOL_CONTAINING_COMPOUND_METABOLIC_PROCESS	GOBP_CATECHOL_CONTAINING_COMPOUND_METABOLIC_PROCESS		33	0.11573826	0.783686	0.7548638	0.82897997	1.0	11899	tags=73%, list=61%, signal=187%	
GOBP_REGULATION_OF_COLLAGEN_METABOLIC_PROCESS	GOBP_REGULATION_OF_COLLAGEN_METABOLIC_PROCESS		37	0.108186066	0.78207946	0.7242063	0.82988894	1.0	1053	tags=16%, list=5%, signal=17%	
GOBP_PYRIMIDINE_CONTAINING_COMPOUND_CATABOLIC_PROCESS	GOBP_PYRIMIDINE_CONTAINING_COMPOUND_CATABOLIC_PROCESS		28	0.12512228	0.78132606	0.71936756	0.82944113	1.0	4516	tags=36%, list=23%, signal=46%	
GOBP_REGULATION_OF_SUPEROXIDE_ANION_GENERATION	GOBP_REGULATION_OF_SUPEROXIDE_ANION_GENERATION		16	0.16032247	0.7798633	0.74669605	0.83007944	1.0	15120	tags=94%, list=78%, signal=421%	
GOBP_HORMONE_BIOSYNTHETIC_PROCESS	GOBP_HORMONE_BIOSYNTHETIC_PROCESS		51	0.09328633	0.7791514	0.72557175	0.8295288	1.0	9632	tags=59%, list=50%, signal=116%	
GOBP_POSITIVE_REGULATION_OF_CALCIUM_ION_TRANSPORT	GOBP_POSITIVE_REGULATION_OF_CALCIUM_ION_TRANSPORT		97	0.066926144	0.7768354	0.7473684	0.8315064	1.0	11338	tags=65%, list=58%, signal=155%	
GOBP_RHODOPSIN_MEDIATED_SIGNALING_PATHWAY	GOBP_RHODOPSIN_MEDIATED_SIGNALING_PATHWAY		22	0.13809474	0.7654392	0.74899596	0.84745204	1.0	14116	tags=86%, list=73%, signal=314%	
GOBP_POLYSACCHARIDE_CATABOLIC_PROCESS	GOBP_POLYSACCHARIDE_CATABOLIC_PROCESS		23	0.13385175	0.7631751	0.75456387	0.849256	1.0	10085	tags=65%, list=52%, signal=135%	
GOBP_DETECTION_OF_LIGHT_STIMULUS_INVOLVED_IN_SENSORY_PERCEPTION	GOBP_DETECTION_OF_LIGHT_STIMULUS_INVOLVED_IN_SENSORY_PERCEPTION		15	0.16526395	0.75938827	0.7583333	0.8533303	1.0	12349	tags=80%, list=63%, signal=219%	
GOBP_PHOTOTRANSDUCTION_VISIBLE_LIGHT	GOBP_PHOTOTRANSDUCTION_VISIBLE_LIGHT		27	0.119513385	0.7533368	0.77459013	0.8605943	1.0	10646	tags=67%, list=55%, signal=147%	
GOBP_BILE_ACID_BIOSYNTHETIC_PROCESS	GOBP_BILE_ACID_BIOSYNTHETIC_PROCESS		29	0.11500526	0.752333	0.7988506	0.8604828	1.0	11181	tags=69%, list=57%, signal=162%	
GOBP_SPERMATID_DIFFERENTIATION	GOBP_SPERMATID_DIFFERENTIATION		107	0.061252467	0.7520128	0.78904665	0.85929185	1.0	8086	tags=48%, list=42%, signal=81%	
GOBP_RESPONSE_TO_SALT_STRESS	GOBP_RESPONSE_TO_SALT_STRESS		18	0.1457708	0.7446139	0.79471546	0.868445	1.0	4731	tags=39%, list=24%, signal=51%	
GOBP_REGULATION_OF_RESPONSE_TO_FOOD	GOBP_REGULATION_OF_RESPONSE_TO_FOOD		15	0.16236584	0.7411872	0.784585	0.87168956	1.0	5921	tags=47%, list=30%, signal=67%	
GOBP_HORMONE_METABOLIC_PROCESS	GOBP_HORMONE_METABOLIC_PROCESS		146	0.05339889	0.7407915	0.80961925	0.8706036	1.0	12292	tags=68%, list=63%, signal=185%	
GOBP_NEGATIVE_REGULATION_OF_PROTEIN_MATURATION	GOBP_NEGATIVE_REGULATION_OF_PROTEIN_MATURATION		19	0.1384795	0.73210466	0.81636727	0.88131386	1.0	2427	tags=26%, list=12%, signal=30%	
GOBP_LATE_ENDOSOME_TO_VACUOLE_TRANSPORT_VIA_MULTIVESICULAR_BODY_SORTING_PATHWAY	GOBP_LATE_ENDOSOME_TO_VACUOLE_TRANSPORT_VIA_MULTIVESICULAR_BODY_SORTING_PATHWAY		15	0.1597387	0.7261061	0.80785125	0.88806844	1.0	16347	tags=100%, list=84%, signal=626%	
GOBP_MALE_MEIOSIS_I	GOBP_MALE_MEIOSIS_I		18	0.14445016	0.72566396	0.7956778	0.8869963	1.0	11241	tags=72%, list=58%, signal=171%	
GOBP_ORGANISM_EMERGENCE_FROM_PROTECTIVE_STRUCTURE	GOBP_ORGANISM_EMERGENCE_FROM_PROTECTIVE_STRUCTURE		18	0.14169167	0.72305125	0.82217574	0.88888454	1.0	5891	tags=44%, list=30%, signal=64%	
GOBP_OLIGOSACCHARIDE_METABOLIC_PROCESS	GOBP_OLIGOSACCHARIDE_METABOLIC_PROCESS		43	0.09429927	0.7219316	0.8333333	0.8887306	1.0	3145	tags=26%, list=16%, signal=30%	
GOBP_REGULATION_OF_VASCULOGENESIS	GOBP_REGULATION_OF_VASCULOGENESIS		16	0.15488502	0.72181404	0.82828283	0.8871981	1.0	6715	tags=50%, list=35%, signal=76%	
GOBP_POSITIVE_REGULATION_OF_TORC1_SIGNALING	GOBP_POSITIVE_REGULATION_OF_TORC1_SIGNALING		16	0.14766939	0.7196304	0.8268041	0.8884558	1.0	1992	tags=25%, list=10%, signal=28%	
GOBP_REGULATION_OF_RYANODINE_SENSITIVE_CALCIUM_RELEASE_CHANNEL_ACTIVITY	GOBP_REGULATION_OF_RYANODINE_SENSITIVE_CALCIUM_RELEASE_CHANNEL_ACTIVITY		22	0.12989086	0.71735585	0.8083832	0.8898094	1.0	1012	tags=18%, list=5%, signal=19%	
GOBP_ENDOCRINE_PROCESS	GOBP_ENDOCRINE_PROCESS		59	0.07923383	0.7165651	0.832998	0.8892015	1.0	5716	tags=37%, list=29%, signal=53%	
GOBP_NEGATIVE_REGULATION_OF_BLOOD_VESSEL_ENDOTHELIAL_CELL_MIGRATION	GOBP_NEGATIVE_REGULATION_OF_BLOOD_VESSEL_ENDOTHELIAL_CELL_MIGRATION		33	0.10417567	0.715699	0.84909457	0.8886977	1.0	13892	tags=82%, list=71%, signal=286%	
GOBP_REGULATION_OF_EXCRETION	GOBP_REGULATION_OF_EXCRETION		15	0.15374014	0.7142467	0.8326693	0.8889392	1.0	12573	tags=80%, list=65%, signal=226%	
GOBP_UDP_N_ACETYLGLUCOSAMINE_METABOLIC_PROCESS	GOBP_UDP_N_ACETYLGLUCOSAMINE_METABOLIC_PROCESS		16	0.14963408	0.71398574	0.8203593	0.8876211	1.0	738	tags=19%, list=4%, signal=19%	
GOBP_TONGUE_DEVELOPMENT	GOBP_TONGUE_DEVELOPMENT		17	0.14395967	0.70984703	0.8336714	0.89133316	1.0	16654	tags=100%, list=86%, signal=694%	
GOBP_T_CELL_MEDIATED_CYTOTOXICITY	GOBP_T_CELL_MEDIATED_CYTOTOXICITY		23	0.12214195	0.7086725	0.8377823	0.89123344	1.0	16233	tags=96%, list=83%, signal=577%	
GOBP_DETECTION_OF_STIMULUS	GOBP_DETECTION_OF_STIMULUS		200	0.043359455	0.7068514	0.85388994	0.8918844	1.0	10836	tags=60%, list=56%, signal=134%	
GOBP_PHENOL_CONTAINING_COMPOUND_BIOSYNTHETIC_PROCESS	GOBP_PHENOL_CONTAINING_COMPOUND_BIOSYNTHETIC_PROCESS		30	0.106336154	0.7024208	0.82608694	0.89592165	1.0	8957	tags=57%, list=46%, signal=105%	
GOBP_POSITIVE_REGULATION_OF_CALCIUM_ION_TRANSPORT_INTO_CYTOSOL	GOBP_POSITIVE_REGULATION_OF_CALCIUM_ION_TRANSPORT_INTO_CYTOSOL		43	0.09047602	0.7018134	0.82978725	0.8950303	1.0	4124	tags=30%, list=21%, signal=38%	
GOBP_CARDIAC_RIGHT_VENTRICLE_MORPHOGENESIS	GOBP_CARDIAC_RIGHT_VENTRICLE_MORPHOGENESIS		19	0.12929861	0.6971756	0.845098	0.8992772	1.0	11820	tags=74%, list=61%, signal=188%	
GOBP_FIBRINOLYSIS	GOBP_FIBRINOLYSIS		20	0.12918235	0.6933386	0.8452381	0.9023893	1.0	13051	tags=80%, list=67%, signal=243%	
GOBP_INTERMEDIATE_FILAMENT_ORGANIZATION	GOBP_INTERMEDIATE_FILAMENT_ORGANIZATION		21	0.12596063	0.6871241	0.8489796	0.90830284	1.0	10520	tags=67%, list=54%, signal=145%	
GOBP_POSITIVE_REGULATION_OF_MACROPHAGE_MIGRATION	GOBP_POSITIVE_REGULATION_OF_MACROPHAGE_MIGRATION		21	0.12390218	0.6868595	0.8468992	0.90695244	1.0	13339	tags=81%, list=69%, signal=257%	
GOBP_REGULATION_OF_PROTEIN_MATURATION	GOBP_REGULATION_OF_PROTEIN_MATURATION		51	0.08107109	0.6855995	0.860835	0.90676725	1.0	9869	tags=59%, list=51%, signal=119%	
GOBP_DOPAMINE_METABOLIC_PROCESS	GOBP_DOPAMINE_METABOLIC_PROCESS		23	0.12083512	0.68028337	0.85656565	0.9113269	1.0	6109	tags=43%, list=31%, signal=63%	
GOBP_REGULATION_OF_RESPIRATORY_GASEOUS_EXCHANGE	GOBP_REGULATION_OF_RESPIRATORY_GASEOUS_EXCHANGE		17	0.1354067	0.6772021	0.8893528	0.9131487	1.0	4233	tags=35%, list=22%, signal=45%	
GOBP_DEOXYRIBONUCLEOSIDE_MONOPHOSPHATE_METABOLIC_PROCESS	GOBP_DEOXYRIBONUCLEOSIDE_MONOPHOSPHATE_METABOLIC_PROCESS		15	0.14582777	0.6771163	0.88432837	0.9115868	1.0	1055	tags=20%, list=5%, signal=21%	
GOBP_RESPONSE_TO_ACIDIC_PH	GOBP_RESPONSE_TO_ACIDIC_PH		19	0.13046315	0.6762463	0.8610039	0.9109289	1.0	7702	tags=53%, list=40%, signal=87%	
GOBP_SYNAPTONEMAL_COMPLEX_ORGANIZATION	GOBP_SYNAPTONEMAL_COMPLEX_ORGANIZATION		16	0.14072388	0.67419463	0.8664047	0.9116117	1.0	2127	tags=25%, list=11%, signal=28%	
GOBP_REGULATION_OF_MEMBRANE_DEPOLARIZATION	GOBP_REGULATION_OF_MEMBRANE_DEPOLARIZATION		37	0.09227136	0.6728557	0.8838095	0.9114485	1.0	1362	tags=16%, list=7%, signal=17%	
GOBP_MALE_MEIOTIC_NUCLEAR_DIVISION	GOBP_MALE_MEIOTIC_NUCLEAR_DIVISION		36	0.09524587	0.67083365	0.88461536	0.9120192	1.0	12199	tags=72%, list=63%, signal=193%	
GOBP_RESPIRATORY_SYSTEM_PROCESS	GOBP_RESPIRATORY_SYSTEM_PROCESS		29	0.10349444	0.66813266	0.8915401	0.9133278	1.0	10063	tags=62%, list=52%, signal=128%	
GOBP_REGULATION_OF_MACROPHAGE_CHEMOTAXIS	GOBP_REGULATION_OF_MACROPHAGE_CHEMOTAXIS		22	0.11733129	0.6610227	0.8877551	0.9193343	1.0	12751	tags=77%, list=66%, signal=224%	
GOBP_NEGATIVE_REGULATION_OF_PRODUCTION_OF_MOLECULAR_MEDIATOR_OF_IMMUNE_RESPONSE	GOBP_NEGATIVE_REGULATION_OF_PRODUCTION_OF_MOLECULAR_MEDIATOR_OF_IMMUNE_RESPONSE		28	0.10478768	0.6551171	0.8974359	0.9237536	1.0	16027	tags=93%, list=82%, signal=526%	
GOBP_ACROSOME_REACTION	GOBP_ACROSOME_REACTION		25	0.110016435	0.650312	0.894	0.9269894	1.0	13424	tags=80%, list=69%, signal=258%	
GOBP_POSITIVE_REGULATION_OF_COLLAGEN_METABOLIC_PROCESS	GOBP_POSITIVE_REGULATION_OF_COLLAGEN_METABOLIC_PROCESS		24	0.11262375	0.6439327	0.9077869	0.9316423	1.0	1053	tags=17%, list=5%, signal=18%	
GOBP_POSITIVE_REGULATION_OF_REPRODUCTIVE_PROCESS	GOBP_POSITIVE_REGULATION_OF_REPRODUCTIVE_PROCESS		62	0.069537565	0.6408152	0.9110672	0.9329874	1.0	4612	tags=31%, list=24%, signal=40%	
GOBP_DNA_CATABOLIC_PROCESS_ENDONUCLEOLYTIC	GOBP_DNA_CATABOLIC_PROCESS_ENDONUCLEOLYTIC		26	0.10253573	0.62996686	0.9168317	0.9415156	1.0	1748	tags=19%, list=9%, signal=21%	
GOBP_MIDDLE_EAR_MORPHOGENESIS	GOBP_MIDDLE_EAR_MORPHOGENESIS		16	0.12859496	0.61969686	0.91714835	0.9487939	1.0	7226	tags=50%, list=37%, signal=79%	
GOBP_NEGATIVE_REGULATION_OF_BONE_RESORPTION	GOBP_NEGATIVE_REGULATION_OF_BONE_RESORPTION		16	0.1265306	0.60960144	0.93265307	0.955293	1.0	14561	tags=88%, list=75%, signal=348%	
GOBP_REGULATION_OF_LYASE_ACTIVITY	GOBP_REGULATION_OF_LYASE_ACTIVITY		31	0.09025178	0.60185635	0.94926006	0.95962226	1.0	12679	tags=74%, list=65%, signal=213%	
GOBP_NEGATIVE_REGULATION_OF_CYTOKINE_PRODUCTION_INVOLVED_IN_IMMUNE_RESPONSE	GOBP_NEGATIVE_REGULATION_OF_CYTOKINE_PRODUCTION_INVOLVED_IN_IMMUNE_RESPONSE		17	0.11905137	0.5967497	0.9476744	0.9616754	1.0	1118	tags=18%, list=6%, signal=19%	
GOBP_REGULATION_OF_SYSTEMIC_ARTERIAL_BLOOD_PRESSURE_BY_RENIN_ANGIOTENSIN	GOBP_REGULATION_OF_SYSTEMIC_ARTERIAL_BLOOD_PRESSURE_BY_RENIN_ANGIOTENSIN		15	0.12804475	0.58759725	0.93944955	0.9662706	1.0	7885	tags=53%, list=41%, signal=90%	
GOBP_MULTICELLULAR_ORGANISMAL_MOVEMENT	GOBP_MULTICELLULAR_ORGANISMAL_MOVEMENT		48	0.07151618	0.58667773	0.9607843	0.96517617	1.0	8743	tags=52%, list=45%, signal=94%	
GOBP_REGULATION_OF_CALCIUM_ION_IMPORT	GOBP_REGULATION_OF_CALCIUM_ION_IMPORT		31	0.08999932	0.58295745	0.964	0.9658568	1.0	16449	tags=94%, list=85%, signal=605%	
GOBP_GLUCOCORTICOID_METABOLIC_PROCESS	GOBP_GLUCOCORTICOID_METABOLIC_PROCESS		20	0.1086477	0.5784312	0.9628099	0.9669758	1.0	16368	tags=95%, list=84%, signal=598%	
GOBP_POSITIVE_REGULATION_OF_CALCIUM_ION_IMPORT	GOBP_POSITIVE_REGULATION_OF_CALCIUM_ION_IMPORT		15	0.11946704	0.5748352	0.9525692	0.9674436	1.0	5458	tags=40%, list=28%, signal=56%	
GOBP_REGULATION_OF_MICROTUBULE_BASED_MOVEMENT	GOBP_REGULATION_OF_MICROTUBULE_BASED_MOVEMENT		35	0.074806884	0.5185669	0.9702381	0.99098176	1.0	5216	tags=34%, list=27%, signal=47%	
GOBP_LINOLEIC_ACID_METABOLIC_PROCESS	GOBP_LINOLEIC_ACID_METABOLIC_PROCESS		16	0.11145304	0.51837033	0.9793388	0.9893177	1.0	8775	tags=56%, list=45%, signal=102%	
GOBP_PROTEIN_AUTOPROCESSING	GOBP_PROTEIN_AUTOPROCESSING		20	0.08876396	0.47525996	0.9961759	0.99749094	1.0	1192	tags=15%, list=6%, signal=16%	
GOBP_REGULATION_OF_RESPONSE_TO_EXTRACELLULAR_STIMULUS	GOBP_REGULATION_OF_RESPONSE_TO_EXTRACELLULAR_STIMULUS		22	0.082536854	0.46364495	0.99610895	0.99732035	1.0	16964	tags=95%, list=87%, signal=745%	
GOBP_ENDOCRINE_HORMONE_SECRETION	GOBP_ENDOCRINE_HORMONE_SECRETION		33	0.06622822	0.45917144	0.9889625	0.9961049	1.0	12271	tags=70%, list=63%, signal=188%	
